Aalborg;Denmark;Romance Standard Time;GMT+02:00
Abbotsford, BC;Canada;Pacific Standard Time;GMT-08:00
Aberdeen;United Kingdom;GMT Standard Time;GMT
Abidjan;Cote d'Ivoire;Greenwich Standard Time;GMT
Abu Dhabi;United Arab Emirates;Arabian Standard Time;GMT+04:00
Abuja;Nigeria;W. Central Africa Standard Time;GMT+01:00
Acapulco;Mexico;Mexico Standard Time;GMT-06:00
Accra;Ghana;Greenwich Standard Time;GMT
Adak, AK;United States;Hawaii-Aleutian Standard Time;GMT-10:00
Addis Ababa;Ethiopia;E. Africa Standard Time;GMT+03:00
Adelaide;Australia;Cen. Australia Standard Time;GMT+09:30
Aden;Yemen;Arab Standard Time;GMT+03:00
Agra;India;India Standard Time;GMT+05:30
Ahmedabad;India;India Standard Time;GMT+05:30
Akita;Japan;Tokyo Standard Time;GMT+09:00
Aklavik, NT;Canada;Mountain Standard Time;GMT-07:00
Akron, OH;United States;Eastern Standard Time;GMT-05:00
Akumal;Mexico;Mexico Standard Time;GMT-06:00
Al Ahsa;Saudi Arabia;Arab Standard Time;GMT+03:00
Al Ain;United Arab Emirates;Arabian Standard Time;GMT+04:00
Al Bayda';Yemen;Arab Standard Time;GMT+03:00
Al Hudaydah;Yemen;Arab Standard Time;GMT+03:00
Al Jahra;Kuwait;Arab Standard Time;GMT+03:00
Alacati;Turkey;Turkey Standard Time;GMT+02:00
Alajuela;Costa Rica;Central America Standard Time;GMT-06:00
Albany, NY;United States;Eastern Standard Time;GMT-05:00
Albena;Bulgaria;FLE Standard Time;GMT+02:00
Albuquerque, NM;United States;Mountain Standard Time;GMT-07:00
Albury;Australia;AUS Eastern Standard Time;GMT+10:00
Alert, NU;Canada;Eastern Standard Time;GMT-05:00
Alexandria;Egypt;Egypt Standard Time;GMT+02:00
Algiers;Algeria;W. Central Africa Standard Time;GMT+01:00
Alicante;Spain;Romance Standard Time;GMT+01:00
Alice Springs;Australia;AUS Central Standard Time;GMT+09:30
Almaty;Kazakhstan;Central Asia Standard Time;GMT+06:00
Almeria;Spain;Romance Standard Time;GMT+01:00
Alofi;Niue;Midway Island Standard Time;GMT-11:00
Alupka;Ukraine;Ukraine Standard Time;GMT+02:00
Ambato;Ecuador;SA Pacific Standard Time;GMT-05:00
Ambon;Indonesia;Tokyo Standard Time;GMT+09:00
Amersfoort;Netherlands;W. Europe Standard Time;GMT+01:00
Amherst, NS;Canada;Atlantic Standard Time;GMT-04:00
Amiens;France;Romance Standard Time;GMT+01:00
Amman;Jordan;Jordan Standard Time;GMT+02:00
Amritsar;India;India Standard Time;GMT+05:30
Amsterdam;Netherlands;W. Europe Standard Time;GMT+01:00
Anadyr;Russia;Magadan Standard Time;GMT+12:00
Anapa;Russia;Russian Standard Time;GMT+04:00
Anchorage, AK;United States;Alaskan Standard Time;GMT-09:00
Ancona;Italy;W. Europe Standard Time;GMT+01:00
Andorra la Vella;Andorra;Romance Standard Time;GMT+01:00
Ankara;Turkey;Turkey Standard Time;GMT+02:00
Annapolis, MD;United States;Eastern Standard Time;GMT-05:00
Anshan;China;China Standard Time;GMT+08:00
Antananarivo;Madagascar;E. Africa Standard Time;GMT+03:00
Antigua;Guatemala;Guatemala Standard Time;GMT-06:00
Antwerp;Belgium;Romance Standard Time;GMT+01:00
Apia;Samoa;Samoa Standard Time;GMT-13:00
Aqaba;Jordan;Jordan Standard Time;GMT+02:00
Arad;Romania;FLE Standard Time;GMT+02:00
Arequipa;Peru;SA Pacific Standard Time;GMT-05:00
Arica;Chile;Chile Standard Time;GMT-04:00
Arkhangelsk;Russia;Russian Standard Time;GMT+04:00
Arklow;Ireland;GMT Standard Time;GMT
Armstrong, BC;Canada;Pacific Standard Time;GMT-08:00
Arraial do Cabo;Brazil;E. South America Standard Time;GMT-03:00
Arzamas;Russia;Russian Standard Time;GMT+04:00
Ashkelon;Israel;Israel Standard Time;GMT+02:00
Ashkhabad;Turkmenistan;West Asia Standard Time;GMT+05:00
Ashland, OR;United States;Pacific Standard Time;GMT-08:00
Asmara;Eritrea;Arab Standard Time;GMT+03:00
Astana;Kazakhstan;Central Asia Standard Time;GMT+06:00
Asuncion;Paraguay;Paraguay Standard Time;GMT-04:00
Athens;Greece;FLE Standard Time;GMT+02:00
Atlanta, GA;United States;Eastern Standard Time;GMT-05:00
Auckland;New Zealand;New Zealand Standard Time;GMT+12:00
Augusta, ME;United States;Eastern Standard Time;GMT-05:00
Aurangabad;India;India Standard Time;GMT+05:30
Austin, TX;United States;Central Standard Time;GMT-06:00
Avarua;Cook Islands;Hawaiian Standard Time;GMT-10:00
Aveiro;Portugal;GMT Standard Time;GMT
Aylesbury;United Kingdom;GMT Standard Time;GMT
Az Zarqa;Jordan;Jordan Standard Time;GMT+02:00
Bacau;Romania;FLE Standard Time;GMT+02:00
Bacolod;Philippines;Singapore Standard Time;GMT+08:00
Badajoz;Spain;Romance Standard Time;GMT+01:00
Baden-Baden;Germany;W. Europe Standard Time;GMT+01:00
Baghdad;Iraq;Arabic Standard Time;GMT+03:00
Bahawalpur;Pakistan;Pakistan Standard Time;GMT+05:00
Bahia Blanca;Argentina;Argentina Standard Time;GMT-03:00
Bahia Kino;Mexico;US Mountain Standard Time;GMT-07:00
Baku;Azerbaijan;Baku Standard Time;GMT+04:00
Balanga;Philippines;Singapore Standard Time;GMT+08:00
Balikpapan;Indonesia;Singapore Standard Time;GMT+08:00
Balti;Moldova;FLE Standard Time;GMT+02:00
Baltimore, MD;United States;Eastern Standard Time;GMT-05:00
Bamako;Mali;Greenwich Standard Time;GMT
Bandar Seri Begawan;Brunei;Singapore Standard Time;GMT+08:00
Bandarban;Bangladesh;Bangladesh Standard Time;GMT+06:00
Bandung;Indonesia;SE Asia Standard Time;GMT+07:00
Banff, AB;Canada;Mountain Standard Time;GMT-07:00
Bangalore;India;India Standard Time;GMT+05:30
Bangkok;Thailand;SE Asia Standard Time;GMT+07:00
Bangui;Central African Republic;W. Central Africa Standard Time;GMT+01:00
Banja Luka;Bosnia and Herzegovina;Central European Standard Time;GMT+01:00
Banjul;Gambia;Greenwich Standard Time;GMT
Baotou;China;China Standard Time;GMT+08:00
Barcelona;Spain;W. Europe Standard Time;GMT+01:00
Barcelona;Venezuela;Venezuela Standard Time;GMT-04:30
Bareilly;India;India Standard Time;GMT+05:30
Bari;Italy;W. Europe Standard Time;GMT+01:00
Barrie, ON;Canada;Eastern Standard Time;GMT-05:00
Basse-Terre;Guadeloupe;SA Western Standard Time;GMT-04:00
Basseterre;Saint Kitts and Nevis;SA Western Standard Time;GMT-04:00
Baton Rouge, LA;United States;Central Standard Time;GMT-06:00
Beijing;China;China Standard Time;GMT+08:00
Beirut;Lebanon;Lebanon Standard Time;GMT+02:00
Beja;Portugal;GMT Standard Time;GMT
Belfast;United Kingdom;GMT Standard Time;GMT
Belgorod;Russia;Russian Standard Time;GMT+04:00
Belgrade;Serbia;Central Europe Standard Time;GMT+01:00
Belize City;Belize;Central America Standard Time;GMT-06:00
Bellevue, WA;United States;Pacific Standard Time;GMT-08:00
Belmopan;Belize;Central America Standard Time;GMT-06:00
Belo Horizonte;Brazil;E. South America Standard Time;GMT-03:00
Belogradchik;Bulgaria;FLE Standard Time;GMT+02:00
Benevento;Italy;W. Europe Standard Time;GMT+01:00
Benxi;China;China Standard Time;GMT+08:00
Bergen;Norway;W. Europe Standard Time;GMT+01:00
Berlin;Germany;W. Europe Standard Time;GMT+01:00
Bern;Switzerland;W. Europe Standard Time;GMT+01:00
Beziers;France;Romance Standard Time;GMT+01:00
Bhopal;India;India Standard Time;GMT+05:30
Bhubaneswar;India;India Standard Time;GMT+05:30
Bilbao;Spain;Romance Standard Time;GMT+01:00
Billings, MT;United States;Mountain Standard Time;GMT-07:00
Biratchowk;Nepal;Nepal Standard Time;GMT+05:45
Birmingham;United Kingdom;GMT Standard Time;GMT
Birmingham, AL;United States;Central Standard Time;GMT-06:00
Bishkek;Kyrgyzstan;Central Asia Standard Time;GMT+06:00
Bismarck, ND;United States;Central Standard Time;GMT-06:00
Bissau;Guinea-Bissau;Greenwich Standard Time;GMT
Blanes;Spain;Romance Standard Time;GMT+01:00
Blantyre;Malawi;South Africa Standard Time;GMT+02:00
Blantyre-Hamilton;United Kingdom;GMT Standard Time;GMT
Bloemfontein;South Africa;South Africa Standard Time;GMT+02:00
Bodrum;Turkey;Turkey Standard Time;GMT+02:00
Bogota;Colombia;SA Pacific Standard Time;GMT-05:00
Boise, ID;United States;Mountain Standard Time;GMT-07:00
Bologna;Italy;W. Europe Standard Time;GMT+01:00
Bonn;Germany;W. Europe Standard Time;GMT+01:00
Bordeaux;France;Romance Standard Time;GMT+01:00
Boston, MA;United States;Eastern Standard Time;GMT-05:00
Braganca;Portugal;GMT Standard Time;GMT
Brasilia;Brazil;E. South America Standard Time;GMT-03:00
Bratislava;Slovakia;Central Europe Standard Time;GMT+01:00
Brazzaville;Congo;W. Central Africa Standard Time;GMT+01:00
Bremen;Germany;W. Europe Standard Time;GMT+01:00
Brest;France;Romance Standard Time;GMT+01:00
Bridgetown;Barbados;SA Western Standard Time;GMT-04:00
Brindisi;Italy;W. Europe Standard Time;GMT+01:00
Brisbane;Australia;E. Australia Standard Time;GMT+10:00
Bristol;United Kingdom;GMT Standard Time;GMT
Brno;Czech Republic;Central Europe Standard Time;GMT+01:00
Brussels;Belgium;Romance Standard Time;GMT+01:00
Bucharest;Romania;FLE Standard Time;GMT+02:00
Budapest;Hungary;Central Europe Standard Time;GMT+01:00
Buenos Aires;Argentina;Argentina Standard Time;GMT-03:00
Buffalo, NY;United States;Eastern Standard Time;GMT-05:00
Bujumbura;Burundi;South Africa Standard Time;GMT+02:00
Burgos;Spain;Romance Standard Time;GMT+01:00
Buri Ram;Thailand;SE Asia Standard Time;GMT+07:00
Burnaby, BC;Canada;Pacific Standard Time;GMT-08:00
Bursa;Turkey;Turkey Standard Time;GMT+02:00
Busan;Korea, South;Korea Standard Time;GMT+09:00
Butterworth;Malaysia;Singapore Standard Time;GMT+08:00
Cabo San Lucas;Mexico;Mexico Standard Time 2;GMT-07:00
Cairns;Australia;E. Australia Standard Time;GMT+10:00
Cairo;Egypt;Egypt Standard Time;GMT+02:00
Calabar;Nigeria;W. Central Africa Standard Time;GMT+01:00
Calgary, AB;Canada;Mountain Standard Time;GMT-07:00
Campinas;Brazil;E. South America Standard Time;GMT-03:00
Canberra;Australia;AUS Eastern Standard Time;GMT+10:00
Cancun;Mexico;Mexico Standard Time;GMT-06:00
Canmore, AB;Canada;Mountain Standard Time;GMT-07:00
Cannes;France;Romance Standard Time;GMT+01:00
Cannon Beach, OR;United States;Pacific Standard Time;GMT-08:00
Cape Town;South Africa;South Africa Standard Time;GMT+02:00
Capitola, CA;United States;Pacific Standard Time;GMT-08:00
Caracas;Venezuela;Venezuela Standard Time;GMT-04:30
Carcassonne;France;Romance Standard Time;GMT+01:00
Cardiff;United Kingdom;GMT Standard Time;GMT
Carson City, NV;United States;Pacific Standard Time;GMT-08:00
Cartagena;Spain;Romance Standard Time;GMT+01:00
Casablanca;Morocco;Morocco Standard Time;GMT
Castelo Branco;Portugal;GMT Standard Time;GMT
Castlebar;Ireland;GMT Standard Time;GMT
Castries;Saint Lucia;SA Western Standard Time;GMT-04:00
Catamarca;Argentina;SA Eastern Standard Time;GMT-03:00
Catania;Italy;W. Europe Standard Time;GMT+01:00
Catarman;Philippines;Singapore Standard Time;GMT+08:00
Cayenne;French Guiana;SA Eastern Standard Time;GMT-03:00
Cebu;Philippines;Singapore Standard Time;GMT+08:00
Central Hong Kong;China;China Standard Time;GMT+08:00
Champaign, IL;United States;Central Standard Time;GMT-06:00
Chandigarh;India;India Standard Time;GMT+05:30
Chandler, AZ;United States;US Mountain Standard Time;GMT-07:00
Changchun;China;China Standard Time;GMT+08:00
Chania;Greece;FLE Standard Time;GMT+02:00
Chantilly, VA;United States;Eastern Standard Time;GMT-05:00
Charleston, WV;United States;Eastern Standard Time;GMT-05:00
Charlotte Amalie;Virgin Islands, U.S.;SA Western Standard Time;GMT-04:00
Charlotte, NC;United States;Eastern Standard Time;GMT-05:00
Charlottetown, PE;Canada;Atlantic Standard Time;GMT-04:00
Chattanooga, TN;United States;Eastern Standard Time;GMT-05:00
Chelyabinsk;Russia;Ekaterinburg Standard Time;GMT+06:00
Chengdu;China;China Standard Time;GMT+08:00
Chennai;India;India Standard Time;GMT+05:30
Cherepovets;Russia;Russian Standard Time;GMT+04:00
Chernobyl;Ukraine;Ukraine Standard Time;GMT+02:00
Cheruvathur;India;India Standard Time;GMT+05:30
Chiang Mai;Thailand;SE Asia Standard Time;GMT+07:00
Chicago, IL;United States;Central Standard Time;GMT-06:00
Chichen Itza;Mexico;Mexico Standard Time;GMT-06:00
Chihuahua;Mexico;Mexico Standard Time 2;GMT-07:00
Chimoio;Mozambique;South Africa Standard Time;GMT+02:00
Chinandega;Nicaragua;Central America Standard Time;GMT-06:00
Chirala;India;India Standard Time;GMT+05:30
Chisinau;Moldova;FLE Standard Time;GMT+02:00
Chita;Russia;Yakutsk Standard Time;GMT+10:00
Chittagong;Bangladesh;Bangladesh Standard Time;GMT+06:00
Chongqing;China;China Standard Time;GMT+08:00
Christchurch;New Zealand;New Zealand Standard Time;GMT+12:00
Cienfuegos;Cuba;Cuba Standard Time;GMT-05:00
Cincinnati, OH;United States;Eastern Standard Time;GMT-05:00
Ciudad Acuna;Mexico;Central Standard Time;GMT-06:00
Ciudad Juarez;Mexico;Mountain Standard Time;GMT-07:00
Cleveland, OH;United States;Eastern Standard Time;GMT-05:00
Cluj;Romania;FLE Standard Time;GMT+02:00
Cockburn Town;Turks and Caicos Islands;Eastern Standard Time;GMT-05:00
Coimbatore;India;India Standard Time;GMT+05:30
Collioure;France;Romance Standard Time;GMT+01:00
Cologne;Germany;W. Europe Standard Time;GMT+01:00
Colombo;Sri Lanka;India Standard Time;GMT+05:30
Colorado Springs, CO;United States;Mountain Standard Time;GMT-07:00
Columbia, SC;United States;Eastern Standard Time;GMT-05:00
Columbus, GA;United States;Eastern Standard Time;GMT-05:00
Columbus, OH;United States;Eastern Standard Time;GMT-05:00
Conakry;Guinea;Greenwich Standard Time;GMT
Constanta;Romania;FLE Standard Time;GMT+02:00
Coos Bay, OR;United States;Pacific Standard Time;GMT-08:00
Copenhagen;Denmark;Romance Standard Time;GMT+01:00
Coquille, OR;United States;Pacific Standard Time;GMT-08:00
Cordoba;Argentina;Argentina Standard Time;GMT-03:00
Corfu;Greece;FLE Standard Time;GMT+02:00
Cork;Ireland;GMT Standard Time;GMT
Corrientes;Argentina;Argentina Standard Time;GMT-03:00
Cotonou;Benin;W. Central Africa Standard Time;GMT+01:00
Cox's Bazar;Bangladesh;Bangladesh Standard Time;GMT+06:00
Craiova;Romania;FLE Standard Time;GMT+02:00
Cranbrook, BC;Canada;Mountain Standard Time;GMT-07:00
Cuenca;Ecuador;SA Pacific Standard Time;GMT-05:00
Cuiaba;Brazil;Cuiaba Standard Time;GMT-04:00
Culiacan;Mexico;Mexico Standard Time 2;GMT-07:00
Cupertino, CA;United States;Pacific Standard Time;GMT-08:00
Curitiba;Brazil;E. South America Standard Time;GMT-03:00
Da Nang;Vietnam;SE Asia Standard Time;GMT+07:00
Daegu;Korea, South;Korea Standard Time;GMT+09:00
Dakar;Senegal;Greenwich Standard Time;GMT
Dakhla;Morocco;Morocco Standard Time;GMT
Dalian;China;China Standard Time;GMT+08:00
Dallas, TX;United States;Central Standard Time;GMT-06:00
Damascus;Syria;Syria Standard Time;GMT+02:00
Damauli;Nepal;Nepal Standard Time;GMT+05:45
Dambulla;Sri Lanka;India Standard Time;GMT+05:30
Dampier;Australia;W. Australia Standard Time;GMT+08:00
Dandong;China;China Standard Time;GMT+08:00
Dar es Salaam;Tanzania;E. Africa Standard Time;GMT+03:00
Darasuram;India;India Standard Time;GMT+05:30
Darwin;Australia;AUS Central Standard Time;GMT+09:30
Dausa;India;India Standard Time;GMT+05:30
Davao;Philippines;Singapore Standard Time;GMT+08:00
Dayton, OH;United States;Eastern Standard Time;GMT-05:00
Del Rio, TX;United States;Central Standard Time;GMT-06:00
Delhi;India;India Standard Time;GMT+05:30
Denpasar;Indonesia;Singapore Standard Time;GMT+08:00
Denver, CO;United States;Mountain Standard Time;GMT-07:00
Des Moines, IA;United States;Central Standard Time;GMT-06:00
Detroit, MI;United States;Eastern Standard Time;GMT-05:00
Dhahran;Saudi Arabia;Arab Standard Time;GMT+03:00
Dhaka;Bangladesh;Bangladesh Standard Time;GMT+06:00
Dhamar;Yemen;Arab Standard Time;GMT+03:00
Dharan;Nepal;Nepal Standard Time;GMT+05:45
Dieppe;France;Romance Standard Time;GMT+01:00
Dili;East Timor;Korea Standard Time;GMT+09:00
Djember;Indonesia;SE Asia Standard Time;GMT+07:00
Djibouti;Djibouti;Arab Standard Time;GMT+03:00
Dnepropetrovsk;Ukraine;Ukraine Standard Time;GMT+02:00
Dodoma;Tanzania;E. Africa Standard Time;GMT+03:00
Doha;Qatar;Arab Standard Time;GMT+03:00
Donauworth;Germany;W. Europe Standard Time;GMT+01:00
Donetsk;Ukraine;Ukraine Standard Time;GMT+02:00
Doolin;Ireland;GMT Standard Time;GMT
Douala;Cameroon;W. Central Africa Standard Time;GMT+01:00
Dover;United Kingdom;GMT Standard Time;GMT
Dresden;Germany;W. Europe Standard Time;GMT+01:00
Drogheda;Ireland;GMT Standard Time;GMT
DuPont, WA;United States;Pacific Standard Time;GMT-08:00
Dubai;United Arab Emirates;Arabian Standard Time;GMT+04:00
Dublin;Ireland;GMT Standard Time;GMT
Dublin, OH;United States;Eastern Standard Time;GMT-05:00
Duesseldorf;Germany;W. Europe Standard Time;GMT+01:00
Dumaguete;Philippines;Singapore Standard Time;GMT+08:00
Dundee;United Kingdom;GMT Standard Time;GMT
Dunedin;New Zealand;New Zealand Standard Time;GMT+12:00
Dunkerque;France;Romance Standard Time;GMT+01:00
Durban;South Africa;South Africa Standard Time;GMT+02:00
Durres;Albania;W. Europe Standard Time;GMT+01:00
Dushanbe;Tajikistan;West Asia Standard Time;GMT+05:00
Duvall, WA;United States;Pacific Standard Time;GMT-08:00
Dzerzhinsk;Russia;Russian Standard Time;GMT+04:00
East London;South Africa;South Africa Standard Time;GMT+02:00
Edinburgh;United Kingdom;GMT Standard Time;GMT
Edmonton, AB;Canada;Mountain Standard Time;GMT-07:00
Eindhoven;Netherlands;W. Europe Standard Time;GMT+01:00
Eirunepe;Brazil;SA Western Standard Time;GMT-04:00
Ekaterinburg;Russia;Ekaterinburg Standard Time;GMT+06:00
El Paso, TX;United States;Mountain Standard Time;GMT-07:00
Ende;Indonesia;Singapore Standard Time;GMT+08:00
Ensenada;Mexico;Pacific Standard Time;GMT-08:00
Esfahan;Iran;Iran Standard Time;GMT+03:30
Essen;Germany;W. Europe Standard Time;GMT+01:00
Etterbeek;Belgium;Romance Standard Time;GMT+01:00
Eugene, OR;United States;Pacific Standard Time;GMT-08:00
Ezcaray;Spain;Romance Standard Time;GMT+01:00
Fairbanks, AK;United States;Alaskan Standard Time;GMT-09:00
Falmouth;United Kingdom;GMT Standard Time;GMT
Faro;Portugal;GMT Standard Time;GMT
Flic en Flac;Mauritius;Mauritius Standard Time;GMT+04:00
Florence;Italy;W. Europe Standard Time;GMT+01:00
Florence, OR;United States;Pacific Standard Time;GMT-08:00
Floro;Norway;W. Europe Standard Time;GMT+01:00
Folcroft, PA;United States;Eastern Standard Time;GMT-05:00
Folsom, CA;United States;Pacific Standard Time;GMT-08:00
Fontainebleau;France;Romance Standard Time;GMT+01:00
Fort Defiance, AZ;United States;Mountain Standard Time;GMT-07:00
Fort Worth, TX;United States;Central Standard Time;GMT-06:00
Fort-de-France;Martinique;SA Western Standard Time;GMT-04:00
Fortaleza;Brazil;SA Eastern Standard Time;GMT-03:00
Foshan;China;China Standard Time;GMT+08:00
Foster City, CA;United States;Pacific Standard Time;GMT-08:00
Foxton;New Zealand;New Zealand Standard Time;GMT+12:00
Fragneto Monforte;Italy;W. Europe Standard Time;GMT+01:00
Frankfurt;Germany;W. Europe Standard Time;GMT+01:00
Freetown;Sierra Leone;Greenwich Standard Time;GMT
Fremont, CA;United States;Pacific Standard Time;GMT-08:00
Ft. Lauderdale, FL;United States;Eastern Standard Time;GMT-05:00
Fujairah;United Arab Emirates;Arabian Standard Time;GMT+04:00
Fukui;Japan;Tokyo Standard Time;GMT+09:00
Fukuoka;Japan;Tokyo Standard Time;GMT+09:00
Funafuti;Tuvalu;Marshall Islands Standard Time;GMT+12:00
Fuzhou;China;China Standard Time;GMT+08:00
Gaborone;Botswana;South Africa Standard Time;GMT+02:00
Galesburg, IL;United States;Central Standard Time;GMT-06:00
Galway;Ireland;GMT Standard Time;GMT
Gary, IN;United States;Central Standard Time;GMT-06:00
Gatton;Australia;E. Australia Standard Time;GMT+10:00
Gavle;Sweden;W. Europe Standard Time;GMT+01:00
Gaya;India;India Standard Time;GMT+05:30
Gdansk;Poland;Central European Standard Time;GMT+01:00
Gelendzhik;Russia;Russian Standard Time;GMT+04:00
Geneva;Switzerland;W. Europe Standard Time;GMT+01:00
Genoa;Italy;W. Europe Standard Time;GMT+01:00
Gent;Belgium;Romance Standard Time;GMT+01:00
George Town;Cayman Islands;SA Pacific Standard Time;GMT-05:00
Georgetown;Guyana;SA Western Standard Time;GMT-04:00
Georgetown;Malaysia;Singapore Standard Time;GMT+08:00
Ghatgaon;India;India Standard Time;GMT+05:30
Ghumli;India;India Standard Time;GMT+05:30
Gibraltar;Gibraltar;Romance Standard Time;GMT+01:00
Gig Harbor, WA;United States;Pacific Standard Time;GMT-08:00
Girona;Spain;Romance Standard Time;GMT+01:00
Giurgiu;Romania;FLE Standard Time;GMT+02:00
Gladstone;Australia;E. Australia Standard Time;GMT+10:00
Glasgow;United Kingdom;GMT Standard Time;GMT
Gloucester;United Kingdom;GMT Standard Time;GMT
Golden, BC;Canada;Mountain Standard Time;GMT-07:00
Gosford;Australia;AUS Eastern Standard Time;GMT+10:00
Gothenburg;Sweden;W. Europe Standard Time;GMT+01:00
Grafton;Australia;AUS Eastern Standard Time;GMT+10:00
Granada;Spain;Romance Standard Time;GMT+01:00
Granada;Nicaragua;Central America Standard Time;GMT-06:00
Grand Rapids, MI;United States;Eastern Standard Time;GMT-05:00
Grand-Bassam;Cote d'Ivoire;Greenwich Standard Time;GMT
Grasse;France;Romance Standard Time;GMT+01:00
Gratkorn;Austria;W. Europe Standard Time;GMT+01:00
Graz;Austria;W. Europe Standard Time;GMT+01:00
Great Falls, MT;United States;Mountain Standard Time;GMT-07:00
Grenoble;France;Romance Standard Time;GMT+01:00
Guadalajara;Mexico;Mexico Standard Time;GMT-06:00
Guangzhou;China;China Standard Time;GMT+08:00
Guatemala City;Guatemala;Guatemala Standard Time;GMT-06:00
Guayaquil;Ecuador;SA Pacific Standard Time;GMT-05:00
Guaymas;Mexico;US Mountain Standard Time;GMT-07:00
Guelph, ON;Canada;Eastern Standard Time;GMT-05:00
Gulbarga;India;India Standard Time;GMT+05:30
Gyor;Hungary;Central Europe Standard Time;GMT+01:00
Gyumri;Armenia;Armenia Standard Time;GMT+04:00
Hagatna;Guam;West Pacific Standard Time;GMT+10:00
Hai Phong;Vietnam;SE Asia Standard Time;GMT+07:00
Haifa;Israel;Israel Standard Time;GMT+02:00
Halab;Syria;Syria Standard Time;GMT+02:00
Halifax, NS;Canada;Atlantic Standard Time;GMT-04:00
Halle;Belgium;Romance Standard Time;GMT+01:00
Hama;Syria;Syria Standard Time;GMT+02:00
Hamburg;Germany;W. Europe Standard Time;GMT+01:00
Hamilton;Bermuda;Atlantic Standard Time;GMT-04:00
Hamilton, ON;Canada;Eastern Standard Time;GMT-05:00
Hammerfest;Norway;W. Europe Standard Time;GMT+01:00
Hanamkonda;India;India Standard Time;GMT+05:30
Hangzhou;China;China Standard Time;GMT+08:00
Hanjiang;China;China Standard Time;GMT+08:00
Hannover;Germany;W. Europe Standard Time;GMT+01:00
Hanoi;Vietnam;SE Asia Standard Time;GMT+07:00
Harare;Zimbabwe;South Africa Standard Time;GMT+02:00
Harbin;China;China Standard Time;GMT+08:00
Harstad;Norway;W. Europe Standard Time;GMT+01:00
Hassan;India;India Standard Time;GMT+05:30
Hastings;New Zealand;New Zealand Standard Time;GMT+12:00
Hat Yai;Thailand;SE Asia Standard Time;GMT+07:00
Havana;Cuba;Cuba Standard Time;GMT-05:00
Heerlen;Netherlands;W. Europe Standard Time;GMT+01:00
Helena, MT;United States;Mountain Standard Time;GMT-07:00
Helsingborg;Sweden;W. Europe Standard Time;GMT+01:00
Helsingor;Denmark;Romance Standard Time;GMT+01:00
Helsinki;Finland;FLE Standard Time;GMT+02:00
Heredia;Costa Rica;Central America Standard Time;GMT-06:00
Hermosillo;Mexico;US Mountain Standard Time;GMT-07:00
Hikkaduwa;Sri Lanka;India Standard Time;GMT+05:30
Hillsboro, OR;United States;Pacific Standard Time;GMT-08:00
Hilo, HI;United States;Hawaiian Standard Time;GMT-10:00
Hiroshima;Japan;Tokyo Standard Time;GMT+09:00
Ho Chi Minh;Vietnam;SE Asia Standard Time;GMT+07:00
Hobart;Australia;Tasmania Standard Time;GMT+10:00
Hohhot;China;China Standard Time;GMT+08:00
Homagama;Sri Lanka;India Standard Time;GMT+05:30
Honiara;Solomon Islands;Central Pacific Standard Time;GMT+11:00
Honolulu, HI;United States;Hawaiian Standard Time;GMT-10:00
Hora Sfakion;Greece;FLE Standard Time;GMT+02:00
Horsens;Denmark;Romance Standard Time;GMT+01:00
Hostalric;Spain;Romance Standard Time;GMT+01:00
Houston, TX;United States;Central Standard Time;GMT-06:00
Hua Hin;Thailand;SE Asia Standard Time;GMT+07:00
Hubli;India;India Standard Time;GMT+05:30
Hudson, MA;United States;Eastern Standard Time;GMT-05:00
Huelva;Spain;Romance Standard Time;GMT+01:00
Huizhou;China;China Standard Time;GMT+08:00
Huntingdon, QC;Canada;Eastern Standard Time;GMT-05:00
Huntington, WV;United States;Eastern Standard Time;GMT-05:00
Hyderabad;India;India Standard Time;GMT+05:30
Iasi;Romania;E. Europe Standard Time;GMT+02:00
Ibadan;Nigeria;W. Central Africa Standard Time;GMT+01:00
Ibb;Yemen;Arab Standard Time;GMT+03:00
Igoumenitsa;Greece;FLE Standard Time;GMT+02:00
Iligan;Philippines;Singapore Standard Time;GMT+08:00
Indianapolis, IN;United States;Eastern Standard Time;GMT-05:00
Inuvik, NT;Canada;Mountain Standard Time;GMT-07:00
Iqaluit, NU;Canada;Eastern Standard Time;GMT-05:00
Iraklion;Greece;FLE Standard Time;GMT+02:00
Irkutsk;Russia;Ikrutsk Standard Time;GMT+09:00
Irvine, CA;United States;Pacific Standard Time;GMT-08:00
Islamabad;Pakistan;Pakistan Standard Time;GMT+05:00
Istanbul;Turkey;Turkey Standard Time;GMT+02:00
Itahari;Nepal;Nepal Standard Time;GMT+05:45
Ivalo;Finland;FLE Standard Time;GMT+02:00
Ivanovo;Russia;Russian Standard Time;GMT+04:00
Ixtapa;Mexico;Mexico Standard Time;GMT-06:00
Izhevsk;Russia;Russian Standard Time;GMT+04:00
Izmir;Turkey;Turkey Standard Time;GMT+02:00
Jackson, MS;United States;Central Standard Time;GMT-06:00
Jacksonville, FL;United States;Eastern Standard Time;GMT-05:00
Jacobabad;Pakistan;Pakistan Standard Time;GMT+05:00
Jaen;Spain;Romance Standard Time;GMT+01:00
Jaipur;India;India Standard Time;GMT+05:30
Jakarta;Indonesia;SE Asia Standard Time;GMT+07:00
Jamestown;Saint Helena;Greenwich Standard Time;GMT
Jammu;India;India Standard Time;GMT+05:30
Jamshedpur;India;India Standard Time;GMT+05:30
Jasper, AB;Canada;Mountain Standard Time;GMT-07:00
Jeddah;Saudi Arabia;Arab Standard Time;GMT+03:00
Jefferson City, MO;United States;Central Standard Time;GMT-06:00
Jersey City, NJ;United States;Eastern Standard Time;GMT-05:00
Jerusalem;Israel;Israel Standard Time;GMT+02:00
Jeypore;India;India Standard Time;GMT+05:30
Jilin;China;China Standard Time;GMT+08:00
Jinan;China;China Standard Time;GMT+08:00
Jinzhou;China;China Standard Time;GMT+08:00
Joao Pessoa;Brazil;SA Eastern Standard Time;GMT-03:00
Johannesburg;South Africa;South Africa Standard Time;GMT+02:00
Juba;South Sudan;E. Africa Standard Time;GMT+03:00
Jujuy;Argentina;SA Eastern Standard Time;GMT-03:00
Kabardinka;Russia;Russian Standard Time;GMT+04:00
Kabul;Afghanistan;Afghanistan Standard Time;GMT+04:30
Kaduna;Nigeria;W. Central Africa Standard Time;GMT+01:00
Kagoshima;Japan;Tokyo Standard Time;GMT+09:00
Kaikoura;New Zealand;New Zealand Standard Time;GMT+12:00
Kaliningrad;Russia;Kaliningrad Standard Time;GMT+03:00
Kalmar;Sweden;W. Europe Standard Time;GMT+01:00
Kalutara;Sri Lanka;India Standard Time;GMT+05:30
Kamloops, BC;Canada;Pacific Standard Time;GMT-08:00
Kampala;Uganda;E. Africa Standard Time;GMT+03:00
Kandahar;Afghanistan;Afghanistan Standard Time;GMT+04:30
Kandy;Sri Lanka;India Standard Time;GMT+05:30
Kanpur;India;India Standard Time;GMT+05:30
Kansas City, MO;United States;Central Standard Time;GMT-06:00
Kanyakumari;India;India Standard Time;GMT+05:30
Karachi;Pakistan;Pakistan Standard Time;GMT+05:00
Karlovy Vary;Czech Republic;Central Europe Standard Time;GMT+01:00
Karlstad;Sweden;W. Europe Standard Time;GMT+01:00
Kasaragod;India;India Standard Time;GMT+05:30
Kasauli;India;India Standard Time;GMT+05:30
Kathmandu;Nepal;Nepal Standard Time;GMT+05:45
Kaunas;Lithuania;FLE Standard Time;GMT+02:00
Kawasaki;Japan;Tokyo Standard Time;GMT+09:00
Kazan;Russia;Russian Standard Time;GMT+04:00
Keel;Ireland;GMT Standard Time;GMT
Kelowna, BC;Canada;Pacific Standard Time;GMT-08:00
Kemerovo;Russia;Novosibirsk Standard Time;GMT+07:00
Kendari;Indonesia;Singapore Standard Time;GMT+08:00
Kerikeri;New Zealand;New Zealand Standard Time;GMT+12:00
Khabarovsk;Russia;Khabarovsk Standard Time;GMT+11:00
Kharkov;Ukraine;Ukraine Standard Time;GMT+02:00
Khartoum;Sudan;E. Africa Standard Time;GMT+03:00
Kiel;Germany;W. Europe Standard Time;GMT+01:00
Kiev;Ukraine;Ukraine Standard Time;GMT+02:00
Kigali;Rwanda;South Africa Standard Time;GMT+02:00
Killarney;Ireland;GMT Standard Time;GMT
Kimberley;South Africa;South Africa Standard Time;GMT+02:00
Kingston;Jamaica;SA Pacific Standard Time;GMT-05:00
Kingston, Norfolk Island;Australia;Norfolk Island Standard Time;GMT+11:30
Kingston, ON;Canada;Eastern Standard Time;GMT-05:00
Kingstown;Saint Vincent and the Grenadines;SA Western Standard Time;GMT-04:00
Kinshasa;Congo, Democratic Republic of the;W. Central Africa Standard Time;GMT+01:00
Kiruna;Sweden;W. Europe Standard Time;GMT+01:00
Kitchener, ON;Canada;Eastern Standard Time;GMT-05:00
Knysna;South Africa;South Africa Standard Time;GMT+02:00
Kochi;India;India Standard Time;GMT+05:30
Kodaikanal;India;India Standard Time;GMT+05:30
Kolhapur;India;India Standard Time;GMT+05:30
Kolkata;India;India Standard Time;GMT+05:30
Koloa, HI;United States;Hawaiian Standard Time;GMT-10:00
Kolobrzeg;Poland;Central European Standard Time;GMT+01:00
Kolomna;Russia;Russian Standard Time;GMT+04:00
Kolonia;Micronesia, Federated States of;Central Pacific Standard Time;GMT+11:00
Konark;India;India Standard Time;GMT+05:30
Kone;New Caledonia;Central Pacific Standard Time;GMT+11:00
Konin;Poland;Central European Standard Time;GMT+01:00
Koror;Palau;Tokyo Standard Time;GMT+09:00
Kos;Greece;FLE Standard Time;GMT+02:00
Kosciusko, MS;United States;Central Standard Time;GMT-06:00
Kostroma;Russia;Russian Standard Time;GMT+04:00
Kota Kinabalu;Malaysia;Singapore Standard Time;GMT+08:00
Kotka;Finland;FLE Standard Time;GMT+02:00
Kovrov;Russia;Russian Standard Time;GMT+04:00
Kowloon;China;China Standard Time;GMT+08:00
Krakow;Poland;Central European Standard Time;GMT+01:00
Krasnoyarsk;Russia;Krasnoyarsk Standard Time;GMT+08:00
Kristiansand;Norway;W. Europe Standard Time;GMT+01:00
Kristianstad;Sweden;W. Europe Standard Time;GMT+01:00
Kronstadt;Russia;Russian Standard Time;GMT+04:00
Kuala Lumpur;Malaysia;Singapore Standard Time;GMT+08:00
Kuching;Malaysia;Singapore Standard Time;GMT+08:00
Kulusuk;Greenland;Greenland Standard Time;GMT-03:00
Kumanovo;Macedonia;Central European Standard Time;GMT+01:00
Kumbakonam;India;India Standard Time;GMT+05:30
Kungur;Russia;Ekaterinburg Standard Time;GMT+06:00
Kunming;China;China Standard Time;GMT+08:00
Kupang;Indonesia;Singapore Standard Time;GMT+08:00
Kurgan;Russia;Ekaterinburg Standard Time;GMT+06:00
Kursk;Russia;Russian Standard Time;GMT+04:00
Kurunegala;Sri Lanka;India Standard Time;GMT+05:30
Kuwait;Kuwait;Arab Standard Time;GMT+03:00
Kyoto;Japan;Tokyo Standard Time;GMT+09:00
La Jolla, CA;United States;Pacific Standard Time;GMT-08:00
La Libertad;El Salvador;Central America Standard Time;GMT-06:00
La Paz;Bolivia;SA Western Standard Time;GMT-04:00
La Paz;Mexico;Mexico Standard Time 2;GMT-07:00
La Rioja;Argentina;SA Eastern Standard Time;GMT-03:00
La Union;El Salvador;Central America Standard Time;GMT-06:00
Labuan;Malaysia;Singapore Standard Time;GMT+08:00
Lafayette, LA;United States;Central Standard Time;GMT-06:00
Lagos;Nigeria;W. Central Africa Standard Time;GMT+01:00
Lahore;Pakistan;Pakistan Standard Time;GMT+05:00
Lakeland, FL;United States;Eastern Standard Time;GMT-05:00
Lansing, MI;United States;Eastern Standard Time;GMT-05:00
Lanzhou;China;China Standard Time;GMT+08:00
Las Varas;Mexico;Mexico Standard Time 2;GMT-07:00
Las Vegas, NV;United States;Pacific Standard Time;GMT-08:00
Latakia;Syria;Syria Standard Time;GMT+02:00
Launceston;Australia;Tasmania Standard Time;GMT+10:00
Le Havre;France;Romance Standard Time;GMT+01:00
Leeds;United Kingdom;GMT Standard Time;GMT
Leicester;United Kingdom;GMT Standard Time;GMT
Leipzig;Germany;W. Europe Standard Time;GMT+01:00
Leixlip;Ireland;GMT Standard Time;GMT
Leon;Spain;Romance Standard Time;GMT+01:00
Leon;Mexico;Mexico Standard Time;GMT-06:00
Lexington, KY;United States;Eastern Standard Time;GMT-05:00
Libreville;Gabon;W. Central Africa Standard Time;GMT+01:00
Lille;France;Romance Standard Time;GMT+01:00
Lilongwe;Malawi;South Africa Standard Time;GMT+02:00
Lima;Peru;SA Pacific Standard Time;GMT-05:00
Limassol;Cyprus;FLE Standard Time;GMT+02:00
Limerick;Ireland;GMT Standard Time;GMT
Limoux;France;Romance Standard Time;GMT+01:00
Lincoln, NE;United States;Central Standard Time;GMT-06:00
Linkoping;Sweden;W. Europe Standard Time;GMT+01:00
Lipetsk;Russia;Russian Standard Time;GMT+04:00
Lisbon;Portugal;GMT Standard Time;GMT
Lismore;Australia;AUS Eastern Standard Time;GMT+10:00
Little Rock, AR;United States;Central Standard Time;GMT-06:00
Liverpool;United Kingdom;GMT Standard Time;GMT
Ljubljana;Slovenia;Central Europe Standard Time;GMT+01:00
Lome;Togo;Greenwich Standard Time;GMT
London;United Kingdom;GMT Standard Time;GMT
London, ON;Canada;Eastern Standard Time;GMT-05:00
Long Beach, CA;United States;Pacific Standard Time;GMT-08:00
Long Branch, NJ;United States;Eastern Standard Time;GMT-05:00
Longyearbyen;Svalbard;W. Europe Standard Time;GMT+01:00
Los Angeles, CA;United States;Pacific Standard Time;GMT-08:00
Los Mochis;Mexico;Mexico Standard Time 2;GMT-07:00
Louisville, KY;United States;Eastern Standard Time;GMT-05:00
Luancheng;China;China Standard Time;GMT+08:00
Luanda;Angola;W. Central Africa Standard Time;GMT+01:00
Lubbock, TX;United States;Central Standard Time;GMT-06:00
Luchegorsk;Russia;Vladivostok Standard Time;GMT+11:00
Lucknow;India;India Standard Time;GMT+05:30
Lugano;Switzerland;W. Europe Standard Time;GMT+01:00
Lugansk;Ukraine;Ukraine Standard Time;GMT+02:00
Lulea;Sweden;W. Europe Standard Time;GMT+01:00
Lumbini;Nepal;Nepal Standard Time;GMT+05:45
Lund;Sweden;W. Europe Standard Time;GMT+01:00
Lusaka;Zambia;South Africa Standard Time;GMT+02:00
Luxembourg;Luxembourg;Romance Standard Time;GMT+01:00
Luxor;Egypt;Egypt Standard Time;GMT+02:00
Lviv;Ukraine;Ukraine Standard Time;GMT+02:00
Lyon;France;Romance Standard Time;GMT+01:00
Macapa;Brazil;SA Eastern Standard Time;GMT-03:00
Macau;China;China Standard Time;GMT+08:00
Mackay;Australia;E. Australia Standard Time;GMT+10:00
Madikeri;India;India Standard Time;GMT+05:30
Madison, WI;United States;Central Standard Time;GMT-06:00
Madrid;Spain;Romance Standard Time;GMT+01:00
Madurai;India;India Standard Time;GMT+05:30
Magadan;Russia;Magadan Standard Time;GMT+12:00
Magdeburg;Germany;W. Europe Standard Time;GMT+01:00
Magnolia, TX;United States;Central Standard Time;GMT-06:00
Mahabalipuram;India;India Standard Time;GMT+05:30
Mainz;Germany;W. Europe Standard Time;GMT+01:00
Majuro;Marshall Islands;Marshall Islands Standard Time;GMT+12:00
Makassar;Indonesia;Singapore Standard Time;GMT+08:00
Malabo;Equatorial Guinea;W. Central Africa Standard Time;GMT+01:00
Malaga;Spain;Romance Standard Time;GMT+01:00
Male;Maldives;West Asia Standard Time;GMT+05:00
Malmo;Sweden;W. Europe Standard Time;GMT+01:00
Mamoudzou;Mayotte;E. Africa Standard Time;GMT+03:00
Managua;Nicaragua;Central America Standard Time;GMT-06:00
Manama;Bahrain;Arab Standard Time;GMT+03:00
Manaus;Brazil;SA Western Standard Time;GMT-04:00
Manchester;United Kingdom;GMT Standard Time;GMT
Mandarmoni;India;India Standard Time;GMT+05:30
Mandurah;Australia;W. Australia Standard Time;GMT+08:00
Mangalia;Romania;FLE Standard Time;GMT+02:00
Mangalore;India;India Standard Time;GMT+05:30
Manila;Philippines;Singapore Standard Time;GMT+08:00
Manisa;Turkey;Turkey Standard Time;GMT+02:00
Mannheim;Germany;W. Europe Standard Time;GMT+01:00
Manzanillo;Cuba;Cuba Standard Time;GMT-05:00
Manzanillo;Mexico;Mexico Standard Time;GMT-06:00
Maputo;Mozambique;South Africa Standard Time;GMT+02:00
Maram Bazar;India;India Standard Time;GMT+05:30
Marawi;Philippines;Singapore Standard Time;GMT+08:00
Marmaris;Turkey;Turkey Standard Time;GMT+02:00
Marrakech;Morocco;Morocco Standard Time;GMT
Marseille;France;Romance Standard Time;GMT+01:00
Masafi;United Arab Emirates;Arabian Standard Time;GMT+04:00
Maseru;Lesotho;South Africa Standard Time;GMT+02:00
Masohi;Indonesia;Tokyo Standard Time;GMT+09:00
Mata-Utu;Wallis and Futuna;Marshall Islands Standard Time;GMT+12:00
Matale;Sri Lanka;India Standard Time;GMT+05:30
Matamoros;Mexico;Central Standard Time;GMT-06:00
Mataram;Indonesia;Singapore Standard Time;GMT+08:00
Mathura;India;India Standard Time;GMT+05:30
Mazari Sharif;Afghanistan;Afghanistan Standard Time;GMT+04:30
Mazatlan;Mexico;Mexico Standard Time 2;GMT-07:00
Mbabane;Swaziland;South Africa Standard Time;GMT+02:00
Mbour;Senegal;Greenwich Standard Time;GMT
Mdina;Malta;W. Europe Standard Time;GMT+01:00
Medan;Indonesia;SE Asia Standard Time;GMT+07:00
Medellin;Colombia;SA Pacific Standard Time;GMT-05:00
Medina;Saudi Arabia;Arab Standard Time;GMT+03:00
Melaque;Mexico;Mexico Standard Time;GMT-06:00
Melbourne;Australia;AUS Eastern Standard Time;GMT+10:00
Melbourne, FL;United States;Eastern Standard Time;GMT-05:00
Memphis, TN;United States;Central Standard Time;GMT-06:00
Mendoza;Argentina;SA Eastern Standard Time;GMT-03:00
Menlo Park, CA;United States;Pacific Standard Time;GMT-08:00
Merida;Mexico;Mexico Standard Time;GMT-06:00
Mexicali;Mexico;Pacific Standard Time;GMT-08:00
Mexico City;Mexico;Mexico Standard Time;GMT-06:00
Miami, FL;United States;Eastern Standard Time;GMT-05:00
Milan;Italy;W. Europe Standard Time;GMT+01:00
Mill Valley, CA;United States;Pacific Standard Time;GMT-08:00
Milwaukee, WI;United States;Central Standard Time;GMT-06:00
Minneapolis, MN;United States;Central Standard Time;GMT-06:00
Minsk;Belarus;Belarus Standard Time;GMT+03:00
Miramar, FL;United States;Eastern Standard Time;GMT-05:00
Mission, BC;Canada;Pacific Standard Time;GMT-08:00
Mississauga, ON;Canada;Eastern Standard Time;GMT-05:00
Mo;Norway;W. Europe Standard Time;GMT+01:00
Mobile, AL;United States;Central Standard Time;GMT-06:00
Mogadishu;Somalia;E. Africa Standard Time;GMT+03:00
Molalla, OR;United States;Pacific Standard Time;GMT-08:00
Monaco;Monaco;Romance Standard Time;GMT+01:00
Moncton, NB;Canada;Atlantic Standard Time;GMT-04:00
Monrovia;Liberia;Greenwich Standard Time;GMT
Monte Carlo;Monaco;Romance Standard Time;GMT+01:00
Monterey, CA;United States;Pacific Standard Time;GMT-08:00
Monterrey;Mexico;Mexico Standard Time;GMT-06:00
Montevideo;Uruguay;Uruguay Standard Time;GMT-03:00
Montgomery, AL;United States;Central Standard Time;GMT-06:00
Montgomery, TX;United States;Central Standard Time;GMT-06:00
Montpelier, VT;United States;Eastern Standard Time;GMT-05:00
Montpellier;France;Romance Standard Time;GMT+01:00
Montpeyroux;France;Romance Standard Time;GMT+01:00
Montreal, QC;Canada;Eastern Standard Time;GMT-05:00
Moroni;Comoros;E. Africa Standard Time;GMT+03:00
Moscow;Russia;Russian Standard Time;GMT+04:00
Motul;Mexico;Mexico Standard Time;GMT-06:00
Mount Hagen;Papua New Guinea;West Pacific Standard Time;GMT+10:00
Mount Shasta City, CA;United States;Pacific Standard Time;GMT-08:00
Mountain View, CA;United States;Pacific Standard Time;GMT-08:00
Mudumalai;India;India Standard Time;GMT+05:30
Mukachevo;Ukraine;Ukraine Standard Time;GMT+02:00
Mumbai;India;India Standard Time;GMT+05:30
Munich;Germany;W. Europe Standard Time;GMT+01:00
Munnar;India;India Standard Time;GMT+05:30
Murmansk;Russia;Russian Standard Time;GMT+04:00
Murom;Russia;Russian Standard Time;GMT+04:00
Murree;Pakistan;Pakistan Standard Time;GMT+05:00
Muscat;Oman;Arabian Standard Time;GMT+04:00
Myrtle Beach, SC;United States;Eastern Standard Time;GMT-05:00
N'Djamena;Chad;W. Central Africa Standard Time;GMT+01:00
Nadiad;India;India Standard Time;GMT+05:30
Nagasaki;Japan;Tokyo Standard Time;GMT+09:00
Nagoya;Japan;Tokyo Standard Time;GMT+09:00
Nagpur;India;India Standard Time;GMT+05:30
Naha;Japan;Tokyo Standard Time;GMT+09:00
Nairobi;Kenya;E. Africa Standard Time;GMT+03:00
Nakhodka;Russia;Vladivostok Standard Time;GMT+11:00
Nanaimo, BC;Canada;Pacific Standard Time;GMT-08:00
Nanjing;China;China Standard Time;GMT+08:00
Nantes;France;Romance Standard Time;GMT+01:00
Napier;New Zealand;New Zealand Standard Time;GMT+12:00
Naples;Italy;W. Europe Standard Time;GMT+01:00
Narvik;Norway;W. Europe Standard Time;GMT+01:00
Nashville, TN;United States;Central Standard Time;GMT-06:00
Nassau;Bahamas;Eastern Standard Time;GMT-05:00
Navasota, TX;United States;Central Standard Time;GMT-06:00
Negombo;Sri Lanka;India Standard Time;GMT+05:30
Neuquen;Argentina;SA Eastern Standard Time;GMT-03:00
New Delhi;India;India Standard Time;GMT+05:30
New Orleans, LA;United States;Central Standard Time;GMT-06:00
New Ross;Ireland;GMT Standard Time;GMT
New Westminster, BC;Canada;Pacific Standard Time;GMT-08:00
New York, NY;United States;Eastern Standard Time;GMT-05:00
Newark, NJ;United States;Eastern Standard Time;GMT-05:00
Newcastle;Australia;AUS Eastern Standard Time;GMT+10:00
Newcastle upon Tyne;United Kingdom;GMT Standard Time;GMT
Newport;United Kingdom;GMT Standard Time;GMT
Niagara Falls, NY;United States;Eastern Standard Time;GMT-05:00
Niagara Falls, ON;Canada;Eastern Standard Time;GMT-05:00
Niamey;Niger;W. Central Africa Standard Time;GMT+01:00
Nice;France;Romance Standard Time;GMT+01:00
Nicosia;Cyprus;FLE Standard Time;GMT+02:00
Niigata;Japan;Tokyo Standard Time;GMT+09:00
Nikolaev;Ukraine;Ukraine Standard Time;GMT+02:00
Nimes;France;Romance Standard Time;GMT+01:00
Ningbo;China;China Standard Time;GMT+08:00
Nizhniy Novgorod;Russia;Russian Standard Time;GMT+04:00
Nogales;Mexico;US Mountain Standard Time;GMT-07:00
Nome, AK;United States;Alaskan Standard Time;GMT-09:00
Norfolk, VA;United States;Eastern Standard Time;GMT-05:00
North Bay, ON;Canada;Eastern Standard Time;GMT-05:00
North Bend, OR;United States;Pacific Standard Time;GMT-08:00
North Ryde;Australia;AUS Eastern Standard Time;GMT+10:00
Norwich;United Kingdom;GMT Standard Time;GMT
Nouakchott;Mauritania;Greenwich Standard Time;GMT
Noumea;New Caledonia;Central Pacific Standard Time;GMT+11:00
Novgorod;Russia;Russian Standard Time;GMT+04:00
Novorossiysk;Russia;Russian Standard Time;GMT+04:00
Novosibirsk;Russia;Novosibirsk Standard Time;GMT+07:00
Nuevo Laredo;Mexico;Central Standard Time;GMT-06:00
Nuku'alofa;Tonga;Tonga Standard Time;GMT+13:00
Nurnberg;Germany;W. Europe Standard Time;GMT+01:00
Nuuk;Greenland;Greenland Standard Time;GMT-03:00
Odense;Denmark;Romance Standard Time;GMT+01:00
Odessa;Ukraine;Ukraine Standard Time;GMT+02:00
Ohrid;Macedonia;Central European Standard Time;GMT+01:00
Ojinaga;Mexico;Central Standard Time;GMT-06:00
Okara;Pakistan;Pakistan Standard Time;GMT+05:00
Okha;Russia;Khabarovsk Standard Time;GMT+11:00
Okhotsk;Russia;Khabarovsk Standard Time;GMT+11:00
Okinawa;Japan;Tokyo Standard Time;GMT+09:00
Oklahoma City, OK;United States;Central Standard Time;GMT-06:00
Olanchito;Honduras;Central America Standard Time;GMT-06:00
Olinda;Brazil;SA Eastern Standard Time;GMT-03:00
Olympia, WA;United States;Pacific Standard Time;GMT-08:00
Omaha, NE;United States;Central Standard Time;GMT-06:00
Omsk;Russia;Novosibirsk Standard Time;GMT+07:00
Onitsha;Nigeria;W. Central Africa Standard Time;GMT+01:00
Ootacamund;India;India Standard Time;GMT+05:30
Oradea;Romania;FLE Standard Time;GMT+02:00
Orange;Australia;AUS Eastern Standard Time;GMT+10:00
Oranjestad;Aruba;SA Western Standard Time;GMT-04:00
Orlando, FL;United States;Eastern Standard Time;GMT-05:00
Osaka;Japan;Tokyo Standard Time;GMT+09:00
Oshawa, ON;Canada;Eastern Standard Time;GMT-05:00
Oslo;Norway;W. Europe Standard Time;GMT+01:00
Ostrov;Russia;Russian Standard Time;GMT+04:00
Ottawa, ON;Canada;Eastern Standard Time;GMT-05:00
Ouagadougou;Burkina Faso;Greenwich Standard Time;GMT
Oulu;Finland;FLE Standard Time;GMT+02:00
Oviedo;Spain;Romance Standard Time;GMT+01:00
Padang;Indonesia;SE Asia Standard Time;GMT+07:00
Palembang;Indonesia;SE Asia Standard Time;GMT+07:00
Palikir;Micronesia, Federated States of;Central Pacific Standard Time;GMT+11:00
Palma;Spain;Romance Standard Time;GMT+01:00
Palo Alto, CA;United States;Pacific Standard Time;GMT-08:00
Panaji;India;India Standard Time;GMT+05:30
Panama City;Panama;SA Pacific Standard Time;GMT-05:00
Papeete;French Polynesia;Hawaiian Standard Time;GMT-10:00
Paramaribo;Suriname;SA Eastern Standard Time;GMT-03:00
Paraparaumu;New Zealand;New Zealand Standard Time;GMT+12:00
Paris;France;Romance Standard Time;GMT+01:00
Parsippany, NJ;United States;Eastern Standard Time;GMT-05:00
Patna;India;India Standard Time;GMT+05:30
Patras;Greece;FLE Standard Time;GMT+02:00
Pearl, MS;United States;Central Standard Time;GMT-06:00
Pedro Juan Caballero;Paraguay;Paraguay Standard Time;GMT-04:00
Pensacola, FL;United States;Central Standard Time;GMT-06:00
Penza;Russia;Russian Standard Time;GMT+04:00
Perm;Russia;Ekaterinburg Standard Time;GMT+06:00
Perth;Australia;W. Australia Standard Time;GMT+08:00
Peshawar;Pakistan;Pakistan Standard Time;GMT+05:00
Peterhof;Russia;Russian Standard Time;GMT+04:00
Petropavlovsk;Russia;Magadan Standard Time;GMT+12:00
Petropolis;Brazil;E. South America Standard Time;GMT-03:00
Philadelphia, PA;United States;Eastern Standard Time;GMT-05:00
Philipsburg;Sint Maarten;SA Western Standard Time;GMT-04:00
Phnom Penh;Cambodia;SE Asia Standard Time;GMT+07:00
Phoenix, AZ;United States;US Mountain Standard Time;GMT-07:00
Phuket;Thailand;SE Asia Standard Time;GMT+07:00
Pickering, ON;Canada;Eastern Standard Time;GMT-05:00
Piedras Negras;Mexico;Central Standard Time;GMT-06:00
Pierre, SD;United States;Central Standard Time;GMT-06:00
Piestany;Slovakia;Central Europe Standard Time;GMT+01:00
Pirot;Serbia;Central Europe Standard Time;GMT+01:00
Pisa;Italy;W. Europe Standard Time;GMT+01:00
Pittsburgh, PA;United States;Eastern Standard Time;GMT-05:00
Piura;Peru;SA Pacific Standard Time;GMT-05:00
Playa del Carmen;Mexico;Mexico Standard Time;GMT-06:00
Plymouth;United Kingdom;GMT Standard Time;GMT
Podgorica;Montenegro;Central Europe Standard Time;GMT+01:00
Point Pleasant Beach, NJ;United States;Eastern Standard Time;GMT-05:00
Polonnaruwa;Sri Lanka;India Standard Time;GMT+05:30
Pomalaa;Indonesia;Singapore Standard Time;GMT+08:00
Ponta Delgada;Portugal;Azores Standard Time;GMT-01:00
Porbandar;India;India Standard Time;GMT+05:30
Porirua;New Zealand;New Zealand Standard Time;GMT+12:00
Port Angeles, WA;United States;Pacific Standard Time;GMT-08:00
Port Arthur;Australia;Tasmania Standard Time;GMT+10:00
Port Elizabeth;South Africa;South Africa Standard Time;GMT+02:00
Port Harcourt;Nigeria;W. Central Africa Standard Time;GMT+01:00
Port Hedland;Australia;W. Australia Standard Time;GMT+08:00
Port Louis;Mauritius;Mauritius Standard Time;GMT+04:00
Port Moresby;Papua New Guinea;West Pacific Standard Time;GMT+10:00
Port Orange, FL;United States;Eastern Standard Time;GMT-05:00
Port Vila;Vanuatu;Central Pacific Standard Time;GMT+11:00
Port of Spain;Trinidad and Tobago;SA Western Standard Time;GMT-04:00
Port-au-Prince;Haiti;Eastern Standard Time;GMT-05:00
Portland, OR;United States;Pacific Standard Time;GMT-08:00
Porto;Portugal;GMT Standard Time;GMT
Porto Alegre;Brazil;E. South America Standard Time;GMT-03:00
Porto Novo;Benin;W. Central Africa Standard Time;GMT+01:00
Portsmouth;United Kingdom;GMT Standard Time;GMT
Posadas;Argentina;Argentina Standard Time;GMT-03:00
Prague;Czech Republic;Central Europe Standard Time;GMT+01:00
Praia;Cape Verde;Cape Verde Standard Time;GMT-01:00
Prievidza;Slovakia;Central Europe Standard Time;GMT+01:00
Prince George, BC;Canada;Pacific Standard Time;GMT-08:00
Princeton, NJ;United States;Eastern Standard Time;GMT-05:00
Pristina;Kosovo;Central Europe Standard Time;GMT+01:00
Progreso;Mexico;Mexico Standard Time;GMT-06:00
Pskov;Russia;Russian Standard Time;GMT+04:00
Puebla;Mexico;Mexico Standard Time;GMT-06:00
Puerto Ayora;Ecuador;Central America Standard Time;GMT-06:00
Puerto Baquerizo Moreno;Ecuador;Central America Standard Time;GMT-06:00
Puerto Penasco;Mexico;US Mountain Standard Time;GMT-07:00
Puerto Plata;Dominican Republic;SA Western Standard Time;GMT-04:00
Puerto Vallarta;Mexico;Mexico Standard Time;GMT-06:00
Pune;India;India Standard Time;GMT+05:30
Puri;India;India Standard Time;GMT+05:30
Puttgarden;Germany;W. Europe Standard Time;GMT+01:00
Pyongyang;Korea, North;Tokyo Standard Time;GMT+09:00
Qatif;Saudi Arabia;Arab Standard Time;GMT+03:00
Qingdao;China;China Standard Time;GMT+08:00
Quartzsite, AZ;United States;US Mountain Standard Time;GMT-07:00
Quebec City, QC;Canada;Eastern Standard Time;GMT-05:00
Quetta;Pakistan;Pakistan Standard Time;GMT+05:00
Quezaltenango;Guatemala;Guatemala Standard Time;GMT-06:00
Quito;Ecuador;SA Pacific Standard Time;GMT-05:00
Rabat;Morocco;Morocco Standard Time;GMT
Rahim Yar Khan;Pakistan;Pakistan Standard Time;GMT+05:00
Rajahmundry;India;India Standard Time;GMT+05:30
Raleigh, NC;United States;Eastern Standard Time;GMT-05:00
Ramstein;Germany;W. Europe Standard Time;GMT+01:00
Ranchi;India;India Standard Time;GMT+05:30
Rangoon;Burma;Myanmar Standard Time;GMT+06:30
Ras Al Khaimah;United Arab Emirates;Arabian Standard Time;GMT+04:00
Rawson;Argentina;SA Eastern Standard Time;GMT-03:00
Reading;United Kingdom;GMT Standard Time;GMT
Recife;Brazil;SA Eastern Standard Time;GMT-03:00
Red Deer, AB;Canada;Mountain Standard Time;GMT-07:00
Redmond, WA;United States;Pacific Standard Time;GMT-08:00
Regina, SK;Canada;Canada Central Standard Time;GMT-06:00
Reims;France;Romance Standard Time;GMT+01:00
Rennes;France;Romance Standard Time;GMT+01:00
Reno, NV;United States;Pacific Standard Time;GMT-08:00
Revelstoke, BC;Canada;Pacific Standard Time;GMT-08:00
Reykjavik;Iceland;Greenwich Standard Time;GMT
Reynosa;Mexico;Central Standard Time;GMT-06:00
Rhodes;Greece;FLE Standard Time;GMT+02:00
Richmond, IN;United States;Eastern Standard Time;GMT-05:00
Richmond, VA;United States;Eastern Standard Time;GMT-05:00
Riga;Latvia;FLE Standard Time;GMT+02:00
Rio Branco;Brazil;SA Western Standard Time;GMT-04:00
Rio Cuarto;Argentina;Argentina Standard Time;GMT-03:00
Rio Gallegos;Argentina;SA Eastern Standard Time;GMT-03:00
Rio Rancho, NM;United States;Mountain Standard Time;GMT-07:00
Rio de Janeiro;Brazil;E. South America Standard Time;GMT-03:00
Rivera;Uruguay;Uruguay Standard Time;GMT-03:00
Riverton, UT;United States;Mountain Standard Time;GMT-07:00
Riyadh;Saudi Arabia;Arab Standard Time;GMT+03:00
Road Town;Virgin Islands, British;SA Western Standard Time;GMT-04:00
Rodby;Denmark;W. Europe Standard Time;GMT+01:00
Rome;Italy;W. Europe Standard Time;GMT+01:00
Rosario;Argentina;Argentina Standard Time;GMT-03:00
Roseau;Dominica;SA Western Standard Time;GMT-04:00
Rostock;Germany;W. Europe Standard Time;GMT+01:00
Rostov na Donu;Russia;Russian Standard Time;GMT+04:00
Rotterdam;Netherlands;W. Europe Standard Time;GMT+01:00
Rovaniemi;Finland;FLE Standard Time;GMT+02:00
Russell Springs, KY;United States;Central Standard Time;GMT-06:00
Ryazan;Russia;Russian Standard Time;GMT+04:00
Rybinsk;Russia;Russian Standard Time;GMT+04:00
Sacramento, CA;United States;Pacific Standard Time;GMT-08:00
Saint George's;Grenada;SA Western Standard Time;GMT-04:00
Saint John, NB;Canada;Atlantic Standard Time;GMT-04:00
Saint-Denis;Reunion;Arabian Standard Time;GMT+04:00
Saint-Pierre;Saint Pierre and Miquelon;St Pierre and Miquelon Standard Time;GMT-03:00
Saipan;Northern Mariana Islands;West Pacific Standard Time;GMT+10:00
Salem, OR;United States;Pacific Standard Time;GMT-08:00
Salt Lake City, UT;United States;Mountain Standard Time;GMT-07:00
Salta;Argentina;SA Eastern Standard Time;GMT-03:00
Salto;Uruguay;Uruguay Standard Time;GMT-03:00
Salvador;Brazil;Bahia Brazil Standard Time;GMT-03:00
Salzburg;Austria;W. Europe Standard Time;GMT+01:00
Samara;Russia;Russian Standard Time;GMT+04:00
Samsun;Turkey;Turkey Standard Time;GMT+02:00
San Antonio, TX;United States;Central Standard Time;GMT-06:00
San Bruno, CA;United States;Pacific Standard Time;GMT-08:00
San Carlos;Uruguay;Uruguay Standard Time;GMT-03:00
San Carlos;Mexico;US Mountain Standard Time;GMT-07:00
San Diego, CA;United States;Pacific Standard Time;GMT-08:00
San Francisco, CA;United States;Pacific Standard Time;GMT-08:00
San Jose;Costa Rica;Central America Standard Time;GMT-06:00
San Jose, CA;United States;Pacific Standard Time;GMT-08:00
San Juan;Puerto Rico;SA Western Standard Time;GMT-04:00
San Juan;Argentina;SA Eastern Standard Time;GMT-03:00
San Lorenzo;Argentina;Argentina Standard Time;GMT-03:00
San Luis;Argentina;Argentina - San Luis Standard Time;GMT-03:00
San Luis Obispo, CA;United States;Pacific Standard Time;GMT-08:00
San Marino;San Marino;W. Europe Standard Time;GMT+01:00
San Mateo, CA;United States;Pacific Standard Time;GMT-08:00
San Pedro Sula;Honduras;Central America Standard Time;GMT-06:00
San Salvador;El Salvador;Central America Standard Time;GMT-06:00
San Sebastian;Spain;Romance Standard Time;GMT+01:00
San Sebastian del Oeste;Mexico;Mexico Standard Time;GMT-06:00
Sanaa;Yemen;Arab Standard Time;GMT+03:00
Santa Ana;El Salvador;Central America Standard Time;GMT-06:00
Santa Clara;Cuba;Cuba Standard Time;GMT-05:00
Santa Clara, CA;United States;Pacific Standard Time;GMT-08:00
Santa Cruz;Philippines;Singapore Standard Time;GMT+08:00
Santa Cruz de Tenerife;Spain;GMT Standard Time;GMT
Santa Fe;Argentina;Argentina Standard Time;GMT-03:00
Santa Fe, NM;United States;Mountain Standard Time;GMT-07:00
Santa Rosa;Honduras;Central America Standard Time;GMT-06:00
Santa Rosa;Argentina;SA Eastern Standard Time;GMT-03:00
Santarem;Brazil;SA Eastern Standard Time;GMT-03:00
Santiago;Chile;Chile Standard Time;GMT-04:00
Santiago;Mexico;Mexico Standard Time;GMT-06:00
Santiago de Cuba;Cuba;Cuba Standard Time;GMT-05:00
Santiago de los Caballeros;Dominican Republic;SA Western Standard Time;GMT-04:00
Santo Domingo;Dominican Republic;SA Western Standard Time;GMT-04:00
Sanxiang;China;China Standard Time;GMT+08:00
Sao Jose do Rio Preto;Brazil;E. South America Standard Time;GMT-03:00
Sao Paulo;Brazil;E. South America Standard Time;GMT-03:00
Sao Tome;Sao Tome and Principe;Greenwich Standard Time;GMT
Sapporo;Japan;Tokyo Standard Time;GMT+09:00
Sarajevo;Bosnia and Herzegovina;Central European Standard Time;GMT+01:00
Saransk;Russia;Russian Standard Time;GMT+04:00
Saskatoon, SK;Canada;Canada Central Standard Time;GMT-06:00
Saxonburg, PA;United States;Eastern Standard Time;GMT-05:00
Schaffhausen;Switzerland;W. Europe Standard Time;GMT+01:00
Seattle, WA;United States;Pacific Standard Time;GMT-08:00
Secunderabad;India;India Standard Time;GMT+05:30
Semarang;Indonesia;SE Asia Standard Time;GMT+07:00
Sendai;Japan;Tokyo Standard Time;GMT+09:00
Seoul;Korea, South;Korea Standard Time;GMT+09:00
Sergiev Posad;Russia;Russian Standard Time;GMT+04:00
Sete;France;Romance Standard Time;GMT+01:00
Sevastopol;Ukraine;Ukraine Standard Time;GMT+02:00
Severodonetsk;Ukraine;Ukraine Standard Time;GMT+02:00
Sevilla;Spain;Romance Standard Time;GMT+01:00
Shanghai;China;China Standard Time;GMT+08:00
Shannon;Ireland;GMT Standard Time;GMT
Sharjah;United Arab Emirates;Arabian Standard Time;GMT+04:00
Sharm El Sheikh;Egypt;Egypt Standard Time;GMT+02:00
Sheffield;United Kingdom;GMT Standard Time;GMT
Shekou;China;China Standard Time;GMT+08:00
Shenyang;China;China Standard Time;GMT+08:00
Shenzhen;China;China Standard Time;GMT+08:00
Shijiazhuang;China;China Standard Time;GMT+08:00
Shikarpur;Pakistan;Pakistan Standard Time;GMT+05:00
Shimla;India;India Standard Time;GMT+05:30
Shiraz;Iran;Iran Standard Time;GMT+03:30
Sialkot;Pakistan;Pakistan Standard Time;GMT+05:00
Sibiu;Romania;FLE Standard Time;GMT+02:00
Siem Reap;Cambodia;SE Asia Standard Time;GMT+07:00
Sigiriya;Sri Lanka;India Standard Time;GMT+05:30
Silang;Philippines;Singapore Standard Time;GMT+08:00
Simferopol;Ukraine;Ukraine Standard Time;GMT+02:00
Sines;Portugal;GMT Standard Time;GMT
Singapore;Singapore;Singapore Standard Time;GMT+08:00
Sittard;Netherlands;W. Europe Standard Time;GMT+01:00
Skopje;Macedonia;Central European Standard Time;GMT+01:00
Sligo;Ireland;GMT Standard Time;GMT
Sliven;Bulgaria;FLE Standard Time;GMT+02:00
Sneek;Netherlands;W. Europe Standard Time;GMT+01:00
Sochi;Russia;Russian Standard Time;GMT+04:00
Sofia;Bulgaria;FLE Standard Time;GMT+02:00
Solovki;Russia;Russian Standard Time;GMT+04:00
Songkhla;Thailand;SE Asia Standard Time;GMT+07:00
South Jordan, UT;United States;Mountain Standard Time;GMT-07:00
South Tarawa;Kiribati;Marshall Islands Standard Time;GMT+12:00
Spijkenisse;Netherlands;W. Europe Standard Time;GMT+01:00
Spokane, WA;United States;Pacific Standard Time;GMT-08:00
St. Catharines, ON;Canada;Eastern Standard Time;GMT-05:00
St. John's;Antigua and Barbuda;SA Western Standard Time;GMT-04:00
St. John's, NL;Canada;Newfoundland Standard Time;GMT-03:30
St. Louis, MO;United States;Central Standard Time;GMT-06:00
St. Paul, MN;United States;Central Standard Time;GMT-06:00
St. Petersburg;Russia;Russian Standard Time;GMT+04:00
Stamford, CT;United States;Eastern Standard Time;GMT-05:00
Stanley;Falkland Islands;Falkland Islands Standard Time;GMT-03:00
Stavanger;Norway;W. Europe Standard Time;GMT+01:00
Stavropol;Russia;Russian Standard Time;GMT+04:00
Steinkjer;Norway;W. Europe Standard Time;GMT+01:00
Stenungsund;Sweden;W. Europe Standard Time;GMT+01:00
Stockholm;Sweden;W. Europe Standard Time;GMT+01:00
Strasbourg;France;Romance Standard Time;GMT+01:00
Stuttgart;Germany;W. Europe Standard Time;GMT+01:00
Suifenhe;China;China Standard Time;GMT+08:00
Sulaimaniya;Iraq;Arabic Standard Time;GMT+03:00
Sullana;Peru;SA Pacific Standard Time;GMT-05:00
Sundsvall;Sweden;W. Europe Standard Time;GMT+01:00
Sunnyvale, CA;United States;Pacific Standard Time;GMT-08:00
Surabaya;Indonesia;SE Asia Standard Time;GMT+07:00
Surat;India;India Standard Time;GMT+05:30
Surprise, AZ;United States;US Mountain Standard Time;GMT-07:00
Suva;Fiji;Fiji Standard Time;GMT+12:00
Suzdal;Russia;Russian Standard Time;GMT+04:00
Suzhou;China;China Standard Time;GMT+08:00
Swansea;United Kingdom;GMT Standard Time;GMT
Swindon;United Kingdom;GMT Standard Time;GMT
Sydney;Australia;AUS Eastern Standard Time;GMT+10:00
Sydney, NS;Canada;Atlantic Standard Time;GMT-04:00
Syracuse, NY;United States;Eastern Standard Time;GMT-05:00
Szombathely;Hungary;Central Europe Standard Time;GMT+01:00
Tacoma, WA;United States;Pacific Standard Time;GMT-08:00
Tacuarembo;Uruguay;Uruguay Standard Time;GMT-03:00
Taganrog;Russia;Russian Standard Time;GMT+04:00
Taguig;Philippines;Singapore Standard Time;GMT+08:00
Taian;China;China Standard Time;GMT+08:00
Taichung;Taiwan;Taipei Standard Time;GMT+08:00
Taif;Saudi Arabia;Arab Standard Time;GMT+03:00
Taiohae;French Polynesia;Marquesas Islands Standard Time;GMT-09:30
Taipei;Taiwan;Taipei Standard Time;GMT+08:00
Taiyuan;China;China Standard Time;GMT+08:00
Taiz;Yemen;Arab Standard Time;GMT+03:00
Takab;Iran;Iran Standard Time;GMT+03:30
Takrouna;Tunisia;W. Central Africa Standard Time;GMT+01:00
Tallinn;Estonia;FLE Standard Time;GMT+02:00
Tampa, FL;United States;Eastern Standard Time;GMT-05:00
Tamuning;Guam;West Pacific Standard Time;GMT+10:00
Tangail;Bangladesh;Bangladesh Standard Time;GMT+06:00
Tanggu;China;China Standard Time;GMT+08:00
Tangshan;China;China Standard Time;GMT+08:00
Tanjay City;Philippines;Singapore Standard Time;GMT+08:00
Tashkent;Uzbekistan;West Asia Standard Time;GMT+05:00
Tbilisi;Georgia;Tbilisi Standard Time;GMT+04:00
Tegucigalpa;Honduras;Central America Standard Time;GMT-06:00
Tehran;Iran;Iran Standard Time;GMT+03:30
Tel Aviv;Israel;Israel Standard Time;GMT+02:00
Telluride, CO;United States;Mountain Standard Time;GMT-07:00
Tepic;Mexico;Mexico Standard Time 2;GMT-07:00
The Hague;Netherlands;W. Europe Standard Time;GMT+01:00
Thessaloniki;Greece;FLE Standard Time;GMT+02:00
Thies;Senegal;Greenwich Standard Time;GMT
Thimphu;Bhutan;Central Asia Standard Time;GMT+06:00
Thiruvananthapuram;India;India Standard Time;GMT+05:30
Tianjin;China;China Standard Time;GMT+08:00
Tijuana;Mexico;Pacific Standard Time;GMT-08:00
Timisoara;Romania;FLE Standard Time;GMT+02:00
Tirana;Albania;W. Europe Standard Time;GMT+01:00
Tiraspol;Moldova;FLE Standard Time;GMT+02:00
Tiruchirapalli;India;India Standard Time;GMT+05:30
Tizimin;Mexico;Mexico Standard Time;GMT-06:00
Toalmas;Hungary;Central Europe Standard Time;GMT+01:00
Tokyo;Japan;Tokyo Standard Time;GMT+09:00
Toledo, OH;United States;Eastern Standard Time;GMT-05:00
Toluca de Lerdo;Mexico;Mexico Standard Time;GMT-06:00
Tomsk;Russia;Novosibirsk Standard Time;GMT+07:00
Toowoomba;Australia;E. Australia Standard Time;GMT+10:00
Toronto, ON;Canada;Eastern Standard Time;GMT-05:00
Torshavn;Faroe Islands;GMT Standard Time;GMT
Toulon;France;Romance Standard Time;GMT+01:00
Toulouse;France;Romance Standard Time;GMT+01:00
Tours;France;Romance Standard Time;GMT+01:00
Townsville;Australia;E. Australia Standard Time;GMT+10:00
Trelleborg;Sweden;W. Europe Standard Time;GMT+01:00
Trier;Germany;W. Europe Standard Time;GMT+01:00
Trieste;Italy;W. Europe Standard Time;GMT+01:00
Tripoli;Libya;South Africa Standard Time;GMT+02:00
Tromso;Norway;W. Europe Standard Time;GMT+01:00
Trondheim;Norway;W. Europe Standard Time;GMT+01:00
Trujillo;Peru;SA Pacific Standard Time;GMT-05:00
Tshwane;South Africa;South Africa Standard Time;GMT+02:00
Tuapse;Russia;Russian Standard Time;GMT+04:00
Tucson, AZ;United States;US Mountain Standard Time;GMT-07:00
Tucuman;Argentina;Argentina Standard Time;GMT-03:00
Tula;Russia;Russian Standard Time;GMT+04:00
Tulcea;Romania;FLE Standard Time;GMT+02:00
Tulsa, OK;United States;Central Standard Time;GMT-06:00
Tunis;Tunisia;W. Central Africa Standard Time;GMT+01:00
Turin;Italy;W. Europe Standard Time;GMT+01:00
Turku;Finland;FLE Standard Time;GMT+02:00
Tuticorin;India;India Standard Time;GMT+05:30
Tuzla;Bosnia and Herzegovina;Central European Standard Time;GMT+01:00
Tver';Russia;Russian Standard Time;GMT+04:00
Ubon Ratchathani;Thailand;SE Asia Standard Time;GMT+07:00
Ubud;Indonesia;Singapore Standard Time;GMT+08:00
Udon Thani;Thailand;SE Asia Standard Time;GMT+07:00
Ufa;Russia;Ekaterinburg Standard Time;GMT+06:00
Ulaanbaatar;Mongolia;Ulaanbaatar Standard Time;GMT+08:00
Ulan-Ude;Russia;Ulan-Ude Standard Time;GMT+09:00
Upper Hutt;New Zealand;New Zealand Standard Time;GMT+12:00
Uppsala;Sweden;W. Europe Standard Time;GMT+01:00
Urumqi;China;China Standard Time;GMT+08:00
Ushuaia;Argentina;SA Eastern Standard Time;GMT-03:00
Utrecht;Netherlands;W. Europe Standard Time;GMT+01:00
Uzhhorod;Ukraine;Ukraine Standard Time;GMT+02:00
Vaasa;Finland;FLE Standard Time;GMT+02:00
Vadodara;India;India Standard Time;GMT+05:30
Vaduz;Liechtenstein;W. Europe Standard Time;GMT+01:00
Valaam;Russia;Russian Standard Time;GMT+04:00
Valdivia;Chile;Chile Standard Time;GMT-04:00
Valencia;Spain;Romance Standard Time;GMT+01:00
Valladolid;Spain;Romance Standard Time;GMT+01:00
Vallauris;France;Romance Standard Time;GMT+01:00
Valletta;Malta;W. Europe Standard Time;GMT+01:00
Vancouver, BC;Canada;Pacific Standard Time;GMT-08:00
Vardo;Norway;W. Europe Standard Time;GMT+01:00
Varna;Bulgaria;FLE Standard Time;GMT+02:00
Vatican City;Holy See (Vatican City);W. Europe Standard Time;GMT+01:00
Velikiye Luki;Russia;Russian Standard Time;GMT+04:00
Venice;Italy;W. Europe Standard Time;GMT+01:00
Veracruz;Mexico;Mexico Standard Time;GMT-06:00
Verona;Italy;W. Europe Standard Time;GMT+01:00
Vevey;Switzerland;W. Europe Standard Time;GMT+01:00
Viana do Castello;Portugal;GMT Standard Time;GMT
Victoria;Seychelles;Arabian Standard Time;GMT+04:00
Victoria;Malta;W. Europe Standard Time;GMT+01:00
Victoria, BC;Canada;Pacific Standard Time;GMT-08:00
Vidin;Bulgaria;FLE Standard Time;GMT+02:00
Viedma;Argentina;SA Eastern Standard Time;GMT-03:00
Vienna;Austria;W. Europe Standard Time;GMT+01:00
Vienna, VA;United States;Eastern Standard Time;GMT-05:00
Vientiane;Laos;SE Asia Standard Time;GMT+07:00
Vila Real;Portugal;GMT Standard Time;GMT
Vilnius;Lithuania;FLE Standard Time;GMT+02:00
Visby;Sweden;W. Europe Standard Time;GMT+01:00
Vishakhapatnam;India;India Standard Time;GMT+05:30
Vitoria;Spain;Romance Standard Time;GMT+01:00
Vizianagaram;India;India Standard Time;GMT+05:30
Vladimir;Russia;Russian Standard Time;GMT+04:00
Vladivostok;Russia;Vladivostok Standard Time;GMT+11:00
Volgograd;Russia;Russian Standard Time;GMT+04:00
Vologda;Russia;Russian Standard Time;GMT+04:00
Volokolamsk;Russia;Russian Standard Time;GMT+04:00
Voronezh;Russia;Russian Standard Time;GMT+04:00
Votkinsk;Russia;Russian Standard Time;GMT+04:00
Waikanae;New Zealand;New Zealand Standard Time;GMT+12:00
Wailua, HI;United States;Hawaiian Standard Time;GMT-10:00
Waimea, HI;United States;Hawaiian Standard Time;GMT-10:00
Waingapu;Indonesia;Singapore Standard Time;GMT+08:00
Wakkana;Japan;Tokyo Standard Time;GMT+09:00
Warrnambool;Australia;AUS Eastern Standard Time;GMT+10:00
Warsaw;Poland;Central European Standard Time;GMT+01:00
Washington, DC;United States;Eastern Standard Time;GMT-05:00
Waterford;Ireland;GMT Standard Time;GMT
Waterloo, ON;Canada;Eastern Standard Time;GMT-05:00
Wellington;New Zealand;New Zealand Standard Time;GMT+12:00
West Wendover, NV;United States;Mountain Standard Time;GMT-07:00
Westford, MA;United States;Eastern Standard Time;GMT-05:00
Whistler, BC;Canada;Pacific Standard Time;GMT-08:00
White Rock, BC;Canada;Pacific Standard Time;GMT-08:00
Whitehorse, YT;Canada;Pacific Standard Time;GMT-08:00
Wichita, KS;United States;Central Standard Time;GMT-06:00
Willemstad;Curacao;SA Western Standard Time;GMT-04:00
Windhoek;Namibia;Namibia Standard Time;GMT+01:00
Window Rock, AZ;United States;Mountain Standard Time;GMT-07:00
Windsor, ON;Canada;Eastern Standard Time;GMT-05:00
Winnipeg, MB;Canada;Central Standard Time;GMT-06:00
Winston-Salem, NC;United States;Eastern Standard Time;GMT-05:00
Wodonga;Australia;AUS Eastern Standard Time;GMT+10:00
Wollongong;Australia;AUS Eastern Standard Time;GMT+10:00
Wuhan;China;China Standard Time;GMT+08:00
Xiamen;China;China Standard Time;GMT+08:00
Xian;China;China Standard Time;GMT+08:00
Yakutsk;Russia;Yakutsk Standard Time;GMT+10:00
Yalta;Ukraine;Ukraine Standard Time;GMT+02:00
Yamoussoukro;Cote d'Ivoire;Greenwich Standard Time;GMT
Yantai;China;China Standard Time;GMT+08:00
Yaounde;Cameroon;W. Central Africa Standard Time;GMT+01:00
Yaroslavl;Russia;Russian Standard Time;GMT+04:00
Yasok;Nepal;Nepal Standard Time;GMT+05:45
Yawnghwe;Burma;Myanmar Standard Time;GMT+06:30
Yazd;Iran;Iran Standard Time;GMT+03:30
Yellowknife, NT;Canada;Mountain Standard Time;GMT-07:00
Yerevan;Armenia;Armenia Standard Time;GMT+04:00
Yevpatoriya;Ukraine;Ukraine Standard Time;GMT+02:00
Yigo;Guam;West Pacific Standard Time;GMT+10:00
Yokohama;Japan;Tokyo Standard Time;GMT+09:00
Yokosuka;Japan;Tokyo Standard Time;GMT+09:00
Yuzhno-Sakhalinsk;Russia;Khabarovsk Standard Time;GMT+11:00
Zaandam;Netherlands;W. Europe Standard Time;GMT+01:00
Zagreb;Croatia;Central European Standard Time;GMT+01:00
Zakynthos;Greece;FLE Standard Time;GMT+02:00
Zaporozhye;Ukraine;Ukraine Standard Time;GMT+02:00
Zaragoza;Spain;Romance Standard Time;GMT+01:00
Zaysan;Kazakhstan;Central Asia Standard Time;GMT+06:00
Zhengzhou;China;China Standard Time;GMT+08:00
Zhongshan;China;China Standard Time;GMT+08:00
Zihuatanejo;Mexico;Mexico Standard Time;GMT-06:00
Zupanja;Croatia;Central European Standard Time;GMT+01:00
Zurich;Switzerland;W. Europe Standard Time;GMT+01:00
