Abbotsford, BC;Canada;Pacific Standard Time;GMT-08:00;America/Ensenada
Aberdeen;United Kingdom;GMT Standard Time;GMT;Europe/Belfast
Abidjan;Cote d'Ivoire;Greenwich Standard Time;GMT;Africa/Abidjan
Abu Dhabi;United Arab Emirates;Arabian Standard Time;GMT+04:00;Asia/Dubai
Abuja;Nigeria;W. Central Africa Standard Time;GMT+01:00;Africa/Lagos
Acapulco;Mexico;Mexico Standard Time;GMT-06:00;America/Cancun
Accra;Ghana;Greenwich Standard Time;GMT;Africa/Accra
Addis Ababa;Ethiopia;E. Africa Standard Time;GMT+03:00;Indian/Antananarivo
Adelaide;Australia;Cen. Australia Standard Time;GMT+09:30;Australia/Adelaide
Aden;Yemen;Arab Standard Time;GMT+03:00;Asia/Aden
Agra;India;India Standard Time;GMT+05:30;Asia/Kolkata
Ahmedabad;India;India Standard Time;GMT+05:30;Asia/Kolkata
Akita;Japan;Tokyo Standard Time;GMT+09:00;Asia/Tokyo
Akron, OH;United States;Eastern Standard Time;GMT-05:00;America/Nassau
Akumal;Mexico;Mexico Standard Time;GMT-06:00;America/Cancun
Al Ahsa;Saudi Arabia;Arab Standard Time;GMT+03:00;Asia/Riyadh
Al Ain;United Arab Emirates;Arabian Standard Time;GMT+04:00;Asia/Dubai
Al Bayda';Yemen;Arab Standard Time;GMT+03:00;Asia/Aden
Al Hudaydah;Yemen;Arab Standard Time;GMT+03:00;Asia/Aden
Al Jahra;Kuwait;Arab Standard Time;GMT+03:00;Asia/Kuwait
Alajuela;Costa Rica;Central America Standard Time;GMT-06:00;America/Managua
Albany, NY;United States;Eastern Standard Time;GMT-05:00;America/Nassau
Albena;Bulgaria;FLE Standard Time;GMT+02:00;Europe/Sofia
Albury;Australia;AUS Eastern Standard Time;GMT+10:00;Australia/Canberra
Alert, NU;Canada;Eastern Standard Time;GMT-05:00;America/Nassau
Alexandria;Egypt;Egypt Standard Time;GMT+02:00;Africa/Cairo
Algiers;Algeria;W. Central Africa Standard Time;GMT+01:00;Africa/Algiers
Alicante;Spain;Romance Standard Time;GMT+01:00;Europe/Madrid
Alice Springs;Australia;AUS Central Standard Time;GMT+09:30;Australia/Darwin
Almaty;Kazakhstan;Central Asia Standard Time;GMT+06:00;Asia/Almaty
Almeria;Spain;Romance Standard Time;GMT+01:00;Europe/Madrid
Alupka;Ukraine;Ukraine Standard Time;GMT+02:00;Europe/Kiev
Ambato;Ecuador;SA Pacific Standard Time;GMT-05:00;America/Guayaquil
Ambon;Indonesia;Tokyo Standard Time;GMT+09:00;Asia/Tokyo
Amersfoort;Netherlands;W. Europe Standard Time;GMT+01:00;Europe/Amsterdam
Amiens;France;Romance Standard Time;GMT+01:00;Europe/Paris
Amman;Jordan;Jordan Standard Time;GMT+02:00;Asia/Amman
Amritsar;India;India Standard Time;GMT+05:30;Asia/Kolkata
Amsterdam;Netherlands;W. Europe Standard Time;GMT+01:00;Europe/Amsterdam
Anadyr;Russia;Magadan Standard Time;GMT+12:00;Asia/Anadyr
Anapa;Russia;Russian Standard Time;GMT+04:00;Europe/Moscow
Ancona;Italy;W. Europe Standard Time;GMT+01:00;Europe/Rome
Andorra la Vella;Andorra;Romance Standard Time;GMT+01:00;Europe/Madrid
Annapolis, MD;United States;Eastern Standard Time;GMT-05:00;America/Nassau
Anshan;China;China Standard Time;GMT+08:00;Asia/Chongqing
Antananarivo;Madagascar;E. Africa Standard Time;GMT+03:00;Indian/Antananarivo
Antigua;Guatemala;Guatemala Standard Time;GMT-06:00;America/Antigua
Antwerp;Belgium;Romance Standard Time;GMT+01:00;Europe/Brussels
Apia;Samoa;Samoa Standard Time;GMT-13:00;Pacific/Apia
Aqaba;Jordan;Jordan Standard Time;GMT+02:00;Asia/Amman
Arad;Romania;FLE Standard Time;GMT+02:00;Europe/Bucharest
Arequipa;Peru;SA Pacific Standard Time;GMT-05:00;America/Lima
Arkhangelsk;Russia;Russian Standard Time;GMT+04:00;Europe/Moscow
Arklow;Ireland;GMT Standard Time;GMT;Europe/Dublin
Armstrong, BC;Canada;Pacific Standard Time;GMT-08:00;America/Ensenada
Arzamas;Russia;Russian Standard Time;GMT+04:00;Europe/Moscow
Ashkelon;Israel;Israel Standard Time;GMT+02:00;Asia/Jerusalem
Ashkhabad;Turkmenistan;West Asia Standard Time;GMT+05:00;Asia/Ashkhabad
Ashland, OR;United States;Pacific Standard Time;GMT-08:00;America/Ensenada
Asmara;Eritrea;Arab Standard Time;GMT+03:00;Africa/Asmara
Astana;Kazakhstan;Central Asia Standard Time;GMT+06:00;Asia/Almaty
Asuncion;Paraguay;Paraguay Standard Time;GMT-04:00;America/Asuncion
Athens;Greece;FLE Standard Time;GMT+02:00;Europe/Athens
Atlanta, GA;United States;Eastern Standard Time;GMT-05:00;America/Nassau
Auckland;New Zealand;New Zealand Standard Time;GMT+12:00;Pacific/Auckland
Augusta, ME;United States;Eastern Standard Time;GMT-05:00;America/Nassau
Aurangabad;India;India Standard Time;GMT+05:30;Asia/Kolkata
Austin, TX;United States;Central Standard Time;GMT-06:00;America/Matamoros
Aveiro;Portugal;GMT Standard Time;GMT;Europe/Lisbon
Aylesbury;United Kingdom;GMT Standard Time;GMT;Europe/Belfast
Az Zarqa;Jordan;Jordan Standard Time;GMT+02:00;Asia/Amman
Bacau;Romania;FLE Standard Time;GMT+02:00;Europe/Bucharest
Bacolod;Philippines;Singapore Standard Time;GMT+08:00;Asia/Manila
Badajoz;Spain;Romance Standard Time;GMT+01:00;Europe/Madrid
Baden-Baden;Germany;W. Europe Standard Time;GMT+01:00;Europe/Berlin
Baghdad;Iraq;Arabic Standard Time;GMT+03:00;Asia/Baghdad
Bahawalpur;Pakistan;Pakistan Standard Time;GMT+05:00;Asia/Karachi
Bahia Blanca;Argentina;Argentina Standard Time;GMT-03:00;America/Cordoba
Bahia Kino;Mexico;US Mountain Standard Time;GMT-07:00;America/Hermosillo
Baku;Azerbaijan;Baku Standard Time;GMT+04:00;Asia/Baku
Balanga;Philippines;Singapore Standard Time;GMT+08:00;Asia/Manila
Balikpapan;Indonesia;Singapore Standard Time;GMT+08:00;Asia/Makassar
Balti;Moldova;FLE Standard Time;GMT+02:00;Europe/Chisinau
Baltimore, MD;United States;Eastern Standard Time;GMT-05:00;America/Nassau
Bamako;Mali;Greenwich Standard Time;GMT;Africa/Bamako
Bandar Seri Begawan;Brunei;Singapore Standard Time;GMT+08:00;Asia/Manila
Bandarban;Bangladesh;Bangladesh Standard Time;GMT+06:00;Asia/Dhaka
Bandung;Indonesia;SE Asia Standard Time;GMT+07:00;Asia/Jakarta
Bangalore;India;India Standard Time;GMT+05:30;Asia/Kolkata
Bangkok;Thailand;SE Asia Standard Time;GMT+07:00;Asia/Bangkok
Bangui;Central African Republic;W. Central Africa Standard Time;GMT+01:00;Africa/Bangui
Banja Luka;Bosnia and Herzegovina;Central European Standard Time;GMT+01:00;Europe/Sarajevo
Banjul;Gambia;Greenwich Standard Time;GMT;Africa/Banjul
Baotou;China;China Standard Time;GMT+08:00;Asia/Chongqing
Barcelona;Spain;W. Europe Standard Time;GMT+01:00;Europe/Amsterdam
Barcelona;Venezuela;Venezuela Standard Time;GMT-04:30;America/Caracas
Bareilly;India;India Standard Time;GMT+05:30;Asia/Kolkata
Bari;Italy;W. Europe Standard Time;GMT+01:00;Europe/Rome
Barrie, ON;Canada;Eastern Standard Time;GMT-05:00;America/Nassau
Basse-Terre;Guadeloupe;SA Western Standard Time;GMT-04:00;America/Eirunepe
Basseterre;Saint Kitts and Nevis;SA Western Standard Time;GMT-04:00;America/Eirunepe
Baton Rouge, LA;United States;Central Standard Time;GMT-06:00;America/Matamoros
Beijing;China;China Standard Time;GMT+08:00;Asia/Chongqing
Beirut;Lebanon;Lebanon Standard Time;GMT+02:00;Asia/Beirut
Beja;Portugal;GMT Standard Time;GMT;Europe/Lisbon
Belfast;United Kingdom;GMT Standard Time;GMT;Europe/Belfast
Belgorod;Russia;Russian Standard Time;GMT+04:00;Europe/Moscow
Belgrade;Serbia;Central Europe Standard Time;GMT+01:00;Europe/Belgrade
Belize City;Belize;Central America Standard Time;GMT-06:00;America/Managua
Bellevue, WA;United States;Pacific Standard Time;GMT-08:00;America/Ensenada
Belmopan;Belize;Central America Standard Time;GMT-06:00;America/Managua
Belogradchik;Bulgaria;FLE Standard Time;GMT+02:00;Europe/Sofia
Benevento;Italy;W. Europe Standard Time;GMT+01:00;Europe/Rome
Benxi;China;China Standard Time;GMT+08:00;Asia/Chongqing
Bergen;Norway;W. Europe Standard Time;GMT+01:00;Europe/Oslo
Berlin;Germany;W. Europe Standard Time;GMT+01:00;Europe/Berlin
Bern;Switzerland;W. Europe Standard Time;GMT+01:00;Europe/Zurich
Beziers;France;Romance Standard Time;GMT+01:00;Europe/Paris
Bhopal;India;India Standard Time;GMT+05:30;Asia/Kolkata
Bhubaneswar;India;India Standard Time;GMT+05:30;Asia/Kolkata
Bilbao;Spain;Romance Standard Time;GMT+01:00;Europe/Madrid
Biratchowk;Nepal;Nepal Standard Time;GMT+05:45;Asia/Kathmandu
Birmingham;United Kingdom;GMT Standard Time;GMT;Europe/Belfast
Birmingham, AL;United States;Central Standard Time;GMT-06:00;America/Matamoros
Bishkek;Kyrgyzstan;Central Asia Standard Time;GMT+06:00;Asia/Bishkek
Bismarck, ND;United States;Central Standard Time;GMT-06:00;America/Matamoros
Bissau;Guinea-Bissau;Greenwich Standard Time;GMT;Africa/Bissau
Blanes;Spain;Romance Standard Time;GMT+01:00;Europe/Madrid
Blantyre;Malawi;South Africa Standard Time;GMT+02:00;Africa/Blantyre
Blantyre-Hamilton;United Kingdom;GMT Standard Time;GMT;Europe/Belfast
Bloemfontein;South Africa;South Africa Standard Time;GMT+02:00;Africa/Johannesburg
Bogota;Colombia;SA Pacific Standard Time;GMT-05:00;America/Bogota
Bologna;Italy;W. Europe Standard Time;GMT+01:00;Europe/Rome
Bonn;Germany;W. Europe Standard Time;GMT+01:00;Europe/Berlin
Bordeaux;France;Romance Standard Time;GMT+01:00;Europe/Paris
Boston, MA;United States;Eastern Standard Time;GMT-05:00;America/Nassau
Braganca;Portugal;GMT Standard Time;GMT;Europe/Lisbon
Bratislava;Slovakia;Central Europe Standard Time;GMT+01:00;Europe/Bratislava
Brazzaville;Congo;W. Central Africa Standard Time;GMT+01:00;Africa/Brazzaville
Bremen;Germany;W. Europe Standard Time;GMT+01:00;Europe/Berlin
Brest;France;Romance Standard Time;GMT+01:00;Europe/Paris
Bridgetown;Barbados;SA Western Standard Time;GMT-04:00;America/Eirunepe
Brindisi;Italy;W. Europe Standard Time;GMT+01:00;Europe/Rome
Brisbane;Australia;E. Australia Standard Time;GMT+10:00;Australia/Brisbane
Bristol;United Kingdom;GMT Standard Time;GMT;Europe/Belfast
Brno;Czech Republic;Central Europe Standard Time;GMT+01:00;Europe/Prague
Brussels;Belgium;Romance Standard Time;GMT+01:00;Europe/Brussels
Bucharest;Romania;FLE Standard Time;GMT+02:00;Europe/Bucharest
Budapest;Hungary;Central Europe Standard Time;GMT+01:00;Europe/Budapest
Buenos Aires;Argentina;Argentina Standard Time;GMT-03:00;America/Cordoba
Buffalo, NY;United States;Eastern Standard Time;GMT-05:00;America/Nassau
Bujumbura;Burundi;South Africa Standard Time;GMT+02:00;Africa/Bujumbura
Burgos;Spain;Romance Standard Time;GMT+01:00;Europe/Madrid
Buri Ram;Thailand;SE Asia Standard Time;GMT+07:00;Asia/Bangkok
Burnaby, BC;Canada;Pacific Standard Time;GMT-08:00;America/Ensenada
Busan;Korea, South;Korea Standard Time;GMT+09:00;Asia/Seoul
Butterworth;Malaysia;Singapore Standard Time;GMT+08:00;Asia/Kuching
Cabo San Lucas;Mexico;Mexico Standard Time 2;GMT-07:00;America/Chihuahua
Cairns;Australia;E. Australia Standard Time;GMT+10:00;Australia/Brisbane
Cairo;Egypt;Egypt Standard Time;GMT+02:00;Africa/Cairo
Calabar;Nigeria;W. Central Africa Standard Time;GMT+01:00;Africa/Lagos
Canberra;Australia;AUS Eastern Standard Time;GMT+10:00;Australia/Canberra
Cancun;Mexico;Mexico Standard Time;GMT-06:00;America/Cancun
Cannes;France;Romance Standard Time;GMT+01:00;Europe/Paris
Cannon Beach, OR;United States;Pacific Standard Time;GMT-08:00;America/Ensenada
Cape Town;South Africa;South Africa Standard Time;GMT+02:00;Africa/Johannesburg
Capitola, CA;United States;Pacific Standard Time;GMT-08:00;America/Ensenada
Caracas;Venezuela;Venezuela Standard Time;GMT-04:30;America/Caracas
Carcassonne;France;Romance Standard Time;GMT+01:00;Europe/Paris
Cardiff;United Kingdom;GMT Standard Time;GMT;Europe/Belfast
Carson City, NV;United States;Pacific Standard Time;GMT-08:00;America/Ensenada
Cartagena;Spain;Romance Standard Time;GMT+01:00;Europe/Madrid
Casablanca;Morocco;Morocco Standard Time;GMT;Africa/Casablanca
Castelo Branco;Portugal;GMT Standard Time;GMT;Europe/Lisbon
Castlebar;Ireland;GMT Standard Time;GMT;Europe/Dublin
Castries;Saint Lucia;SA Western Standard Time;GMT-04:00;America/Eirunepe
Catamarca;Argentina;SA Eastern Standard Time;GMT-03:00;America/Catamarca
Catania;Italy;W. Europe Standard Time;GMT+01:00;Europe/Rome
Catarman;Philippines;Singapore Standard Time;GMT+08:00;Asia/Manila
Cayenne;French Guiana;SA Eastern Standard Time;GMT-03:00;America/Cayenne
Cebu;Philippines;Singapore Standard Time;GMT+08:00;Asia/Manila
Central Hong Kong;China;China Standard Time;GMT+08:00;Asia/Chongqing
Champaign, IL;United States;Central Standard Time;GMT-06:00;America/Matamoros
Chandigarh;India;India Standard Time;GMT+05:30;Asia/Kolkata
Chandler, AZ;United States;US Mountain Standard Time;GMT-07:00;America/Hermosillo
Changchun;China;China Standard Time;GMT+08:00;Asia/Chongqing
Chania;Greece;FLE Standard Time;GMT+02:00;Europe/Athens
Chantilly, VA;United States;Eastern Standard Time;GMT-05:00;America/Nassau
Charleston, WV;United States;Eastern Standard Time;GMT-05:00;America/Nassau
Charlotte Amalie;Virgin Islands, U.S.;SA Western Standard Time;GMT-04:00;America/Eirunepe
Charlotte, NC;United States;Eastern Standard Time;GMT-05:00;America/Nassau
Chattanooga, TN;United States;Eastern Standard Time;GMT-05:00;America/Nassau
Chengdu;China;China Standard Time;GMT+08:00;Asia/Chongqing
Chennai;India;India Standard Time;GMT+05:30;Asia/Kolkata
Cherepovets;Russia;Russian Standard Time;GMT+04:00;Europe/Moscow
Chernobyl;Ukraine;Ukraine Standard Time;GMT+02:00;Europe/Kiev
Cheruvathur;India;India Standard Time;GMT+05:30;Asia/Kolkata
Chiang Mai;Thailand;SE Asia Standard Time;GMT+07:00;Asia/Bangkok
Chicago, IL;United States;Central Standard Time;GMT-06:00;America/Matamoros
Chichen Itza;Mexico;Mexico Standard Time;GMT-06:00;America/Cancun
Chihuahua;Mexico;Mexico Standard Time 2;GMT-07:00;America/Chihuahua
Chimoio;Mozambique;South Africa Standard Time;GMT+02:00;Africa/Maputo
Chinandega;Nicaragua;Central America Standard Time;GMT-06:00;America/Managua
Chirala;India;India Standard Time;GMT+05:30;Asia/Kolkata
Chisinau;Moldova;FLE Standard Time;GMT+02:00;Europe/Chisinau
Chita;Russia;Yakutsk Standard Time;GMT+10:00;Asia/Yakutsk
Chittagong;Bangladesh;Bangladesh Standard Time;GMT+06:00;Asia/Dhaka
Chongqing;China;China Standard Time;GMT+08:00;Asia/Chongqing
Christchurch;New Zealand;New Zealand Standard Time;GMT+12:00;Pacific/Auckland
Cienfuegos;Cuba;Cuba Standard Time;GMT-05:00;America/Havana
Cincinnati, OH;United States;Eastern Standard Time;GMT-05:00;America/Nassau
Ciudad Acuna;Mexico;Central Standard Time;GMT-06:00;America/Matamoros
Cleveland, OH;United States;Eastern Standard Time;GMT-05:00;America/Nassau
Cluj;Romania;FLE Standard Time;GMT+02:00;Europe/Bucharest
Cockburn Town;Turks and Caicos Islands;Eastern Standard Time;GMT-05:00;America/Nassau
Coimbatore;India;India Standard Time;GMT+05:30;Asia/Kolkata
Collioure;France;Romance Standard Time;GMT+01:00;Europe/Paris
Cologne;Germany;W. Europe Standard Time;GMT+01:00;Europe/Berlin
Colombo;Sri Lanka;India Standard Time;GMT+05:30;Asia/Colombo
Columbia, SC;United States;Eastern Standard Time;GMT-05:00;America/Nassau
Columbus, GA;United States;Eastern Standard Time;GMT-05:00;America/Nassau
Columbus, OH;United States;Eastern Standard Time;GMT-05:00;America/Nassau
Conakry;Guinea;Greenwich Standard Time;GMT;Africa/Conakry
Constanta;Romania;FLE Standard Time;GMT+02:00;Europe/Bucharest
Coos Bay, OR;United States;Pacific Standard Time;GMT-08:00;America/Ensenada
Copenhagen;Denmark;Romance Standard Time;GMT+01:00;Europe/Copenhagen
Coquille, OR;United States;Pacific Standard Time;GMT-08:00;America/Ensenada
Cordoba;Argentina;Argentina Standard Time;GMT-03:00;America/Cordoba
Corfu;Greece;FLE Standard Time;GMT+02:00;Europe/Athens
Cork;Ireland;GMT Standard Time;GMT;Europe/Dublin
Corrientes;Argentina;Argentina Standard Time;GMT-03:00;America/Cordoba
Cotonou;Benin;W. Central Africa Standard Time;GMT+01:00;Africa/Lagos
Cox's Bazar;Bangladesh;Bangladesh Standard Time;GMT+06:00;Asia/Dhaka
Craiova;Romania;FLE Standard Time;GMT+02:00;Europe/Bucharest
Cuenca;Ecuador;SA Pacific Standard Time;GMT-05:00;America/Guayaquil
Cuiaba;Brazil;Cuiaba Standard Time;GMT-04:00;America/Cuiaba
Culiacan;Mexico;Mexico Standard Time 2;GMT-07:00;America/Chihuahua
Cupertino, CA;United States;Pacific Standard Time;GMT-08:00;America/Ensenada
Da Nang;Vietnam;SE Asia Standard Time;GMT+07:00;Asia/Jakarta
Daegu;Korea, South;Korea Standard Time;GMT+09:00;Asia/Seoul
Dakar;Senegal;Greenwich Standard Time;GMT;Africa/Dakar
Dakhla;Morocco;Morocco Standard Time;GMT;Africa/Casablanca
Dalian;China;China Standard Time;GMT+08:00;Asia/Chongqing
Dallas, TX;United States;Central Standard Time;GMT-06:00;America/Matamoros
Damascus;Syria;Syria Standard Time;GMT+02:00;Asia/Damascus
Damauli;Nepal;Nepal Standard Time;GMT+05:45;Asia/Kathmandu
Dambulla;Sri Lanka;India Standard Time;GMT+05:30;Asia/Colombo
Dampier;Australia;W. Australia Standard Time;GMT+08:00;Australia/Perth
Dandong;China;China Standard Time;GMT+08:00;Asia/Chongqing
Dar es Salaam;Tanzania;E. Africa Standard Time;GMT+03:00;Indian/Antananarivo
Darasuram;India;India Standard Time;GMT+05:30;Asia/Kolkata
Darwin;Australia;AUS Central Standard Time;GMT+09:30;Australia/Darwin
Dausa;India;India Standard Time;GMT+05:30;Asia/Kolkata
Davao;Philippines;Singapore Standard Time;GMT+08:00;Asia/Manila
Dayton, OH;United States;Eastern Standard Time;GMT-05:00;America/Nassau
Del Rio, TX;United States;Central Standard Time;GMT-06:00;America/Matamoros
Delhi;India;India Standard Time;GMT+05:30;Asia/Kolkata
Denpasar;Indonesia;Singapore Standard Time;GMT+08:00;Asia/Makassar
Des Moines, IA;United States;Central Standard Time;GMT-06:00;America/Matamoros
Detroit, MI;United States;Eastern Standard Time;GMT-05:00;America/Nassau
Dhahran;Saudi Arabia;Arab Standard Time;GMT+03:00;Asia/Riyadh
Dhaka;Bangladesh;Bangladesh Standard Time;GMT+06:00;Asia/Dhaka
Dhamar;Yemen;Arab Standard Time;GMT+03:00;Asia/Aden
Dharan;Nepal;Nepal Standard Time;GMT+05:45;Asia/Kathmandu
Dieppe;France;Romance Standard Time;GMT+01:00;Europe/Paris
Dili;East Timor;Korea Standard Time;GMT+09:00;Asia/Dili
Djember;Indonesia;SE Asia Standard Time;GMT+07:00;Asia/Jakarta
Djibouti;Djibouti;Arab Standard Time;GMT+03:00;Africa/Djibouti
Dnepropetrovsk;Ukraine;Ukraine Standard Time;GMT+02:00;Europe/Kiev
Dodoma;Tanzania;E. Africa Standard Time;GMT+03:00;Indian/Antananarivo
Doha;Qatar;Arab Standard Time;GMT+03:00;Asia/Aden
Donauworth;Germany;W. Europe Standard Time;GMT+01:00;Europe/Berlin
Donetsk;Ukraine;Ukraine Standard Time;GMT+02:00;Europe/Kiev
Doolin;Ireland;GMT Standard Time;GMT;Europe/Dublin
Douala;Cameroon;W. Central Africa Standard Time;GMT+01:00;Africa/Douala
Dover;United Kingdom;GMT Standard Time;GMT;Europe/Belfast
Dresden;Germany;W. Europe Standard Time;GMT+01:00;Europe/Berlin
Drogheda;Ireland;GMT Standard Time;GMT;Europe/Dublin
DuPont, WA;United States;Pacific Standard Time;GMT-08:00;America/Ensenada
Dubai;United Arab Emirates;Arabian Standard Time;GMT+04:00;Asia/Dubai
Dublin;Ireland;GMT Standard Time;GMT;Europe/Dublin
Dublin, OH;United States;Eastern Standard Time;GMT-05:00;America/Nassau
Duesseldorf;Germany;W. Europe Standard Time;GMT+01:00;Europe/Berlin
Dumaguete;Philippines;Singapore Standard Time;GMT+08:00;Asia/Manila
Dundee;United Kingdom;GMT Standard Time;GMT;Europe/Belfast
Dunedin;New Zealand;New Zealand Standard Time;GMT+12:00;Pacific/Auckland
Dunkerque;France;Romance Standard Time;GMT+01:00;Europe/Paris
Durban;South Africa;South Africa Standard Time;GMT+02:00;Africa/Johannesburg
Durres;Albania;W. Europe Standard Time;GMT+01:00;Europe/Amsterdam
Dushanbe;Tajikistan;West Asia Standard Time;GMT+05:00;Asia/Dushanbe
Duvall, WA;United States;Pacific Standard Time;GMT-08:00;America/Ensenada
Dzerzhinsk;Russia;Russian Standard Time;GMT+04:00;Europe/Moscow
East London;South Africa;South Africa Standard Time;GMT+02:00;Africa/Johannesburg
Edinburgh;United Kingdom;GMT Standard Time;GMT;Europe/Belfast
Eindhoven;Netherlands;W. Europe Standard Time;GMT+01:00;Europe/Amsterdam
Eirunepe;Brazil;SA Western Standard Time;GMT-04:00;America/Eirunepe
Ende;Indonesia;Singapore Standard Time;GMT+08:00;Asia/Makassar
Ensenada;Mexico;Pacific Standard Time;GMT-08:00;America/Ensenada
Esfahan;Iran;Iran Standard Time;GMT+03:30;Asia/Tehran
Essen;Germany;W. Europe Standard Time;GMT+01:00;Europe/Berlin
Etterbeek;Belgium;Romance Standard Time;GMT+01:00;Europe/Brussels
Eugene, OR;United States;Pacific Standard Time;GMT-08:00;America/Ensenada
Ezcaray;Spain;Romance Standard Time;GMT+01:00;Europe/Madrid
Falmouth;United Kingdom;GMT Standard Time;GMT;Europe/Belfast
Faro;Portugal;GMT Standard Time;GMT;Europe/Lisbon
Florence;Italy;W. Europe Standard Time;GMT+01:00;Europe/Rome
Florence, OR;United States;Pacific Standard Time;GMT-08:00;America/Ensenada
Floro;Norway;W. Europe Standard Time;GMT+01:00;Europe/Oslo
Folcroft, PA;United States;Eastern Standard Time;GMT-05:00;America/Nassau
Folsom, CA;United States;Pacific Standard Time;GMT-08:00;America/Ensenada
Fontainebleau;France;Romance Standard Time;GMT+01:00;Europe/Paris
Fort Worth, TX;United States;Central Standard Time;GMT-06:00;America/Matamoros
Fort-de-France;Martinique;SA Western Standard Time;GMT-04:00;America/Eirunepe
Fortaleza;Brazil;SA Eastern Standard Time;GMT-03:00;America/Fortaleza
Foshan;China;China Standard Time;GMT+08:00;Asia/Chongqing
Foster City, CA;United States;Pacific Standard Time;GMT-08:00;America/Ensenada
Foxton;New Zealand;New Zealand Standard Time;GMT+12:00;Pacific/Auckland
Fragneto Monforte;Italy;W. Europe Standard Time;GMT+01:00;Europe/Rome
Frankfurt;Germany;W. Europe Standard Time;GMT+01:00;Europe/Berlin
Freetown;Sierra Leone;Greenwich Standard Time;GMT;Africa/Freetown
Fremont, CA;United States;Pacific Standard Time;GMT-08:00;America/Ensenada
Ft. Lauderdale, FL;United States;Eastern Standard Time;GMT-05:00;America/Nassau
Fujairah;United Arab Emirates;Arabian Standard Time;GMT+04:00;Asia/Dubai
Fukui;Japan;Tokyo Standard Time;GMT+09:00;Asia/Tokyo
Fukuoka;Japan;Tokyo Standard Time;GMT+09:00;Asia/Tokyo
Funafuti;Tuvalu;Marshall Islands Standard Time;GMT+12:00;Pacific/Funafuti
Fuzhou;China;China Standard Time;GMT+08:00;Asia/Chongqing
Gaborone;Botswana;South Africa Standard Time;GMT+02:00;Africa/Gaborone
Galesburg, IL;United States;Central Standard Time;GMT-06:00;America/Matamoros
Galway;Ireland;GMT Standard Time;GMT;Europe/Dublin
Gary, IN;United States;Central Standard Time;GMT-06:00;America/Matamoros
Gatton;Australia;E. Australia Standard Time;GMT+10:00;Australia/Brisbane
Gavle;Sweden;W. Europe Standard Time;GMT+01:00;Europe/Stockholm
Gaya;India;India Standard Time;GMT+05:30;Asia/Kolkata
Gdansk;Poland;Central European Standard Time;GMT+01:00;Europe/Warsaw
Gelendzhik;Russia;Russian Standard Time;GMT+04:00;Europe/Moscow
Geneva;Switzerland;W. Europe Standard Time;GMT+01:00;Europe/Zurich
Genoa;Italy;W. Europe Standard Time;GMT+01:00;Europe/Rome
Gent;Belgium;Romance Standard Time;GMT+01:00;Europe/Brussels
George Town;Cayman Islands;SA Pacific Standard Time;GMT-05:00;America/Guayaquil
Georgetown;Guyana;SA Western Standard Time;GMT-04:00;America/Eirunepe
Georgetown;Malaysia;Singapore Standard Time;GMT+08:00;Asia/Kuching
Ghatgaon;India;India Standard Time;GMT+05:30;Asia/Kolkata
Ghumli;India;India Standard Time;GMT+05:30;Asia/Kolkata
Gibraltar;Gibraltar;Romance Standard Time;GMT+01:00;Europe/Gibraltar
Gig Harbor, WA;United States;Pacific Standard Time;GMT-08:00;America/Ensenada
Girona;Spain;Romance Standard Time;GMT+01:00;Europe/Madrid
Giurgiu;Romania;FLE Standard Time;GMT+02:00;Europe/Bucharest
Gladstone;Australia;E. Australia Standard Time;GMT+10:00;Australia/Brisbane
Glasgow;United Kingdom;GMT Standard Time;GMT;Europe/Belfast
Gloucester;United Kingdom;GMT Standard Time;GMT;Europe/Belfast
Gosford;Australia;AUS Eastern Standard Time;GMT+10:00;Australia/Canberra
Gothenburg;Sweden;W. Europe Standard Time;GMT+01:00;Europe/Stockholm
Grafton;Australia;AUS Eastern Standard Time;GMT+10:00;Australia/Canberra
Granada;Spain;Romance Standard Time;GMT+01:00;Europe/Madrid
Granada;Nicaragua;Central America Standard Time;GMT-06:00;America/Managua
Grand Rapids, MI;United States;Eastern Standard Time;GMT-05:00;America/Nassau
Grand-Bassam;Cote d'Ivoire;Greenwich Standard Time;GMT;Africa/Abidjan
Grasse;France;Romance Standard Time;GMT+01:00;Europe/Paris
Gratkorn;Austria;W. Europe Standard Time;GMT+01:00;Europe/Vienna
Graz;Austria;W. Europe Standard Time;GMT+01:00;Europe/Vienna
Grenoble;France;Romance Standard Time;GMT+01:00;Europe/Paris
Guadalajara;Mexico;Mexico Standard Time;GMT-06:00;America/Cancun
Guangzhou;China;China Standard Time;GMT+08:00;Asia/Chongqing
Guatemala City;Guatemala;Guatemala Standard Time;GMT-06:00;America/Antigua
Guayaquil;Ecuador;SA Pacific Standard Time;GMT-05:00;America/Guayaquil
Guaymas;Mexico;US Mountain Standard Time;GMT-07:00;America/Hermosillo
Guelph, ON;Canada;Eastern Standard Time;GMT-05:00;America/Nassau
Gulbarga;India;India Standard Time;GMT+05:30;Asia/Kolkata
Gyor;Hungary;Central Europe Standard Time;GMT+01:00;Europe/Budapest
Gyumri;Armenia;Armenia Standard Time;GMT+04:00;Asia/Yerevan
Hagatna;Guam;West Pacific Standard Time;GMT+10:00;Pacific/Saipan
Hai Phong;Vietnam;SE Asia Standard Time;GMT+07:00;Asia/Jakarta
Haifa;Israel;Israel Standard Time;GMT+02:00;Asia/Jerusalem
Halab;Syria;Syria Standard Time;GMT+02:00;Asia/Damascus
Halle;Belgium;Romance Standard Time;GMT+01:00;Europe/Brussels
Hama;Syria;Syria Standard Time;GMT+02:00;Asia/Damascus
Hamburg;Germany;W. Europe Standard Time;GMT+01:00;Europe/Berlin
Hamilton, ON;Canada;Eastern Standard Time;GMT-05:00;America/Nassau
Hammerfest;Norway;W. Europe Standard Time;GMT+01:00;Europe/Oslo
Hanamkonda;India;India Standard Time;GMT+05:30;Asia/Kolkata
Hangzhou;China;China Standard Time;GMT+08:00;Asia/Chongqing
Hanjiang;China;China Standard Time;GMT+08:00;Asia/Chongqing
Hannover;Germany;W. Europe Standard Time;GMT+01:00;Europe/Berlin
Hanoi;Vietnam;SE Asia Standard Time;GMT+07:00;Asia/Jakarta
Harare;Zimbabwe;South Africa Standard Time;GMT+02:00;Africa/Harare
Harbin;China;China Standard Time;GMT+08:00;Asia/Harbin
Harstad;Norway;W. Europe Standard Time;GMT+01:00;Europe/Oslo
Hassan;India;India Standard Time;GMT+05:30;Asia/Kolkata
Hastings;New Zealand;New Zealand Standard Time;GMT+12:00;Pacific/Auckland
Hat Yai;Thailand;SE Asia Standard Time;GMT+07:00;Asia/Bangkok
Havana;Cuba;Cuba Standard Time;GMT-05:00;America/Havana
Heerlen;Netherlands;W. Europe Standard Time;GMT+01:00;Europe/Amsterdam
Helsingborg;Sweden;W. Europe Standard Time;GMT+01:00;Europe/Stockholm
Helsingor;Denmark;Romance Standard Time;GMT+01:00;Europe/Copenhagen
Helsinki;Finland;FLE Standard Time;GMT+02:00;Europe/Helsinki
Heredia;Costa Rica;Central America Standard Time;GMT-06:00;America/Managua
Hermosillo;Mexico;US Mountain Standard Time;GMT-07:00;America/Hermosillo
Hikkaduwa;Sri Lanka;India Standard Time;GMT+05:30;Asia/Colombo
Hillsboro, OR;United States;Pacific Standard Time;GMT-08:00;America/Ensenada
Hiroshima;Japan;Tokyo Standard Time;GMT+09:00;Asia/Tokyo
Ho Chi Minh;Vietnam;SE Asia Standard Time;GMT+07:00;Asia/Jakarta
Hobart;Australia;Tasmania Standard Time;GMT+10:00;Australia/Hobart
Hohhot;China;China Standard Time;GMT+08:00;Asia/Chongqing
Homagama;Sri Lanka;India Standard Time;GMT+05:30;Asia/Colombo
Honiara;Solomon Islands;Central Pacific Standard Time;GMT+11:00;Pacific/Noumea
Hora Sfakion;Greece;FLE Standard Time;GMT+02:00;Europe/Athens
Horsens;Denmark;Romance Standard Time;GMT+01:00;Europe/Copenhagen
Hostalric;Spain;Romance Standard Time;GMT+01:00;Europe/Madrid
Houston, TX;United States;Central Standard Time;GMT-06:00;America/Matamoros
Hua Hin;Thailand;SE Asia Standard Time;GMT+07:00;Asia/Bangkok
Hubli;India;India Standard Time;GMT+05:30;Asia/Kolkata
Hudson, MA;United States;Eastern Standard Time;GMT-05:00;America/Nassau
Huelva;Spain;Romance Standard Time;GMT+01:00;Europe/Madrid
Huizhou;China;China Standard Time;GMT+08:00;Asia/Chongqing
Huntingdon, QC;Canada;Eastern Standard Time;GMT-05:00;America/Nassau
Huntington, WV;United States;Eastern Standard Time;GMT-05:00;America/Nassau
Hyderabad;India;India Standard Time;GMT+05:30;Asia/Kolkata
Ibadan;Nigeria;W. Central Africa Standard Time;GMT+01:00;Africa/Lagos
Ibb;Yemen;Arab Standard Time;GMT+03:00;Asia/Aden
Igoumenitsa;Greece;FLE Standard Time;GMT+02:00;Europe/Athens
Iligan;Philippines;Singapore Standard Time;GMT+08:00;Asia/Manila
Indianapolis, IN;United States;Eastern Standard Time;GMT-05:00;America/Nassau
Iqaluit, NU;Canada;Eastern Standard Time;GMT-05:00;America/Nassau
Iraklion;Greece;FLE Standard Time;GMT+02:00;Europe/Athens
Irkutsk;Russia;Ikrutsk Standard Time;GMT+09:00;Asia/Irkutsk
Irvine, CA;United States;Pacific Standard Time;GMT-08:00;America/Ensenada
Islamabad;Pakistan;Pakistan Standard Time;GMT+05:00;Asia/Karachi
Istanbul;Turkey;Turkey Standard Time;GMT+02:00;Europe/Istanbul;Asia/Istanbul
Itahari;Nepal;Nepal Standard Time;GMT+05:45;Asia/Kathmandu
Ivalo;Finland;FLE Standard Time;GMT+02:00;Europe/Helsinki
Ivanovo;Russia;Russian Standard Time;GMT+04:00;Europe/Moscow
Ixtapa;Mexico;Mexico Standard Time;GMT-06:00;America/Cancun
Izhevsk;Russia;Russian Standard Time;GMT+04:00;Europe/Moscow
Jackson, MS;United States;Central Standard Time;GMT-06:00;America/Matamoros
Jacksonville, FL;United States;Eastern Standard Time;GMT-05:00;America/Nassau
Jacobabad;Pakistan;Pakistan Standard Time;GMT+05:00;Asia/Karachi
Jaen;Spain;Romance Standard Time;GMT+01:00;Europe/Madrid
Jaipur;India;India Standard Time;GMT+05:30;Asia/Kolkata
Jakarta;Indonesia;SE Asia Standard Time;GMT+07:00;Asia/Jakarta
Jamestown;Saint Helena;Greenwich Standard Time;GMT;Africa/Abidjan
Jammu;India;India Standard Time;GMT+05:30;Asia/Kolkata
Jamshedpur;India;India Standard Time;GMT+05:30;Asia/Kolkata
Jeddah;Saudi Arabia;Arab Standard Time;GMT+03:00;Asia/Riyadh
Jefferson City, MO;United States;Central Standard Time;GMT-06:00;America/Matamoros
Jersey City, NJ;United States;Eastern Standard Time;GMT-05:00;America/Nassau
Jerusalem;Israel;Israel Standard Time;GMT+02:00;Asia/Jerusalem
Jeypore;India;India Standard Time;GMT+05:30;Asia/Kolkata
Jilin;China;China Standard Time;GMT+08:00;Asia/Chongqing
Jinan;China;China Standard Time;GMT+08:00;Asia/Chongqing
Jinzhou;China;China Standard Time;GMT+08:00;Asia/Chongqing
Joao Pessoa;Brazil;SA Eastern Standard Time;GMT-03:00;America/Fortaleza
Johannesburg;South Africa;South Africa Standard Time;GMT+02:00;Africa/Johannesburg
Juba;South Sudan;E. Africa Standard Time;GMT+03:00;Africa/Juba
Jujuy;Argentina;SA Eastern Standard Time;GMT-03:00;America/Jujuy
Kabardinka;Russia;Russian Standard Time;GMT+04:00;Europe/Moscow
Kabul;Afghanistan;Afghanistan Standard Time;GMT+04:30;Asia/Kabul
Kaduna;Nigeria;W. Central Africa Standard Time;GMT+01:00;Africa/Lagos
Kagoshima;Japan;Tokyo Standard Time;GMT+09:00;Asia/Tokyo
Kaikoura;New Zealand;New Zealand Standard Time;GMT+12:00;Pacific/Auckland
Kaliningrad;Russia;Kaliningrad Standard Time;GMT+03:00;Europe/Kaliningrad
Kalmar;Sweden;W. Europe Standard Time;GMT+01:00;Europe/Stockholm
Kalutara;Sri Lanka;India Standard Time;GMT+05:30;Asia/Colombo
Kamloops, BC;Canada;Pacific Standard Time;GMT-08:00;America/Ensenada
Kampala;Uganda;E. Africa Standard Time;GMT+03:00;Africa/Kampala
Kandahar;Afghanistan;Afghanistan Standard Time;GMT+04:30;Asia/Kabul
Kandy;Sri Lanka;India Standard Time;GMT+05:30;Asia/Colombo
Kanpur;India;India Standard Time;GMT+05:30;Asia/Kolkata
Kansas City, MO;United States;Central Standard Time;GMT-06:00;America/Matamoros
Kanyakumari;India;India Standard Time;GMT+05:30;Asia/Kolkata
Karachi;Pakistan;Pakistan Standard Time;GMT+05:00;Asia/Karachi
Karlovy Vary;Czech Republic;Central Europe Standard Time;GMT+01:00;Europe/Prague
Karlstad;Sweden;W. Europe Standard Time;GMT+01:00;Europe/Stockholm
Kasaragod;India;India Standard Time;GMT+05:30;Asia/Kolkata
Kasauli;India;India Standard Time;GMT+05:30;Asia/Kolkata
Kathmandu;Nepal;Nepal Standard Time;GMT+05:45;Asia/Kathmandu
Kaunas;Lithuania;FLE Standard Time;GMT+02:00;Europe/Vilnius
Kawasaki;Japan;Tokyo Standard Time;GMT+09:00;Asia/Tokyo
Kazan;Russia;Russian Standard Time;GMT+04:00;Europe/Moscow
Keel;Ireland;GMT Standard Time;GMT;Europe/Dublin
Kelowna, BC;Canada;Pacific Standard Time;GMT-08:00;America/Ensenada
Kemerovo;Russia;Novosibirsk Standard Time;GMT+07:00;Asia/Novosibirsk
Kendari;Indonesia;Singapore Standard Time;GMT+08:00;Asia/Makassar
Kerikeri;New Zealand;New Zealand Standard Time;GMT+12:00;Pacific/Auckland
Kharkov;Ukraine;Ukraine Standard Time;GMT+02:00;Europe/Kiev
Khartoum;Sudan;E. Africa Standard Time;GMT+03:00;Africa/Khartoum
Kiel;Germany;W. Europe Standard Time;GMT+01:00;Europe/Berlin
Kiev;Ukraine;Ukraine Standard Time;GMT+02:00;Europe/Kiev
Kigali;Rwanda;South Africa Standard Time;GMT+02:00;Africa/Kigali
Killarney;Ireland;GMT Standard Time;GMT;Europe/Dublin
Kimberley;South Africa;South Africa Standard Time;GMT+02:00;Africa/Johannesburg
Kingston;Jamaica;SA Pacific Standard Time;GMT-05:00;America/Guayaquil
Kingston, ON;Canada;Eastern Standard Time;GMT-05:00;America/Nassau
Kingstown;Saint Vincent and the Grenadines;SA Western Standard Time;GMT-04:00;America/Eirunepe
Kinshasa;Congo, Democratic Republic of the;W. Central Africa Standard Time;GMT+01:00;Africa/Kinshasa
Kiruna;Sweden;W. Europe Standard Time;GMT+01:00;Europe/Stockholm
Kitchener, ON;Canada;Eastern Standard Time;GMT-05:00;America/Nassau
Knysna;South Africa;South Africa Standard Time;GMT+02:00;Africa/Johannesburg
Kochi;India;India Standard Time;GMT+05:30;Asia/Kolkata
Kodaikanal;India;India Standard Time;GMT+05:30;Asia/Kolkata
Kolhapur;India;India Standard Time;GMT+05:30;Asia/Kolkata
Kolkata;India;India Standard Time;GMT+05:30;Asia/Kolkata
Kolobrzeg;Poland;Central European Standard Time;GMT+01:00;Europe/Warsaw
Kolomna;Russia;Russian Standard Time;GMT+04:00;Europe/Moscow
Kolonia;Micronesia, Federated States of;Central Pacific Standard Time;GMT+11:00;Pacific/Noumea
Konark;India;India Standard Time;GMT+05:30;Asia/Kolkata
Kone;New Caledonia;Central Pacific Standard Time;GMT+11:00;Pacific/Noumea
Konin;Poland;Central European Standard Time;GMT+01:00;Europe/Warsaw
Koror;Palau;Tokyo Standard Time;GMT+09:00;Asia/Tokyo
Kos;Greece;FLE Standard Time;GMT+02:00;Europe/Athens
Kosciusko, MS;United States;Central Standard Time;GMT-06:00;America/Matamoros
Kostroma;Russia;Russian Standard Time;GMT+04:00;Europe/Moscow
Kota Kinabalu;Malaysia;Singapore Standard Time;GMT+08:00;Asia/Kuching
Kotka;Finland;FLE Standard Time;GMT+02:00;Europe/Helsinki
Kovrov;Russia;Russian Standard Time;GMT+04:00;Europe/Moscow
Kowloon;China;China Standard Time;GMT+08:00;Asia/Chongqing
Krakow;Poland;Central European Standard Time;GMT+01:00;Europe/Warsaw
Krasnoyarsk;Russia;Krasnoyarsk Standard Time;GMT+08:00;Asia/Krasnoyarsk
Kristiansand;Norway;W. Europe Standard Time;GMT+01:00;Europe/Oslo
Kristianstad;Sweden;W. Europe Standard Time;GMT+01:00;Europe/Stockholm
Kronstadt;Russia;Russian Standard Time;GMT+04:00;Europe/Moscow
Kuala Lumpur;Malaysia;Singapore Standard Time;GMT+08:00;Asia/Kuching
Kuching;Malaysia;Singapore Standard Time;GMT+08:00;Asia/Kuching
Kumanovo;Macedonia;Central European Standard Time;GMT+01:00;Europe/Skopje
Kumbakonam;India;India Standard Time;GMT+05:30;Asia/Kolkata
Kunming;China;China Standard Time;GMT+08:00;Asia/Chongqing
Kupang;Indonesia;Singapore Standard Time;GMT+08:00;Asia/Makassar
Kursk;Russia;Russian Standard Time;GMT+04:00;Europe/Moscow
Kurunegala;Sri Lanka;India Standard Time;GMT+05:30;Asia/Colombo
Kuwait;Kuwait;Arab Standard Time;GMT+03:00;Asia/Kuwait
Kyoto;Japan;Tokyo Standard Time;GMT+09:00;Asia/Tokyo
La Jolla, CA;United States;Pacific Standard Time;GMT-08:00;America/Ensenada
La Libertad;El Salvador;Central America Standard Time;GMT-06:00;America/Managua
La Paz;Bolivia;SA Western Standard Time;GMT-04:00;America/Eirunepe
La Paz;Mexico;Mexico Standard Time 2;GMT-07:00;America/Chihuahua
La Rioja;Argentina;SA Eastern Standard Time;GMT-03:00;America/Catamarca
La Union;El Salvador;Central America Standard Time;GMT-06:00;America/Managua
Labuan;Malaysia;Singapore Standard Time;GMT+08:00;Asia/Kuching
Lafayette, LA;United States;Central Standard Time;GMT-06:00;America/Matamoros
Lagos;Nigeria;W. Central Africa Standard Time;GMT+01:00;Africa/Lagos
Lahore;Pakistan;Pakistan Standard Time;GMT+05:00;Asia/Karachi
Lakeland, FL;United States;Eastern Standard Time;GMT-05:00;America/Nassau
Lansing, MI;United States;Eastern Standard Time;GMT-05:00;America/Nassau
Lanzhou;China;China Standard Time;GMT+08:00;Asia/Chongqing
Las Varas;Mexico;Mexico Standard Time 2;GMT-07:00;America/Chihuahua
Las Vegas, NV;United States;Pacific Standard Time;GMT-08:00;America/Ensenada
Latakia;Syria;Syria Standard Time;GMT+02:00;Asia/Damascus
Launceston;Australia;Tasmania Standard Time;GMT+10:00;Australia/Hobart
Le Havre;France;Romance Standard Time;GMT+01:00;Europe/Paris
Leeds;United Kingdom;GMT Standard Time;GMT;Europe/Belfast
Leicester;United Kingdom;GMT Standard Time;GMT;Europe/Belfast
Leipzig;Germany;W. Europe Standard Time;GMT+01:00;Europe/Berlin
Leixlip;Ireland;GMT Standard Time;GMT;Europe/Dublin
Leon;Spain;Romance Standard Time;GMT+01:00;Europe/Madrid
Leon;Mexico;Mexico Standard Time;GMT-06:00;America/Cancun
Lexington, KY;United States;Eastern Standard Time;GMT-05:00;America/Nassau
Libreville;Gabon;W. Central Africa Standard Time;GMT+01:00;Africa/Libreville
Lille;France;Romance Standard Time;GMT+01:00;Europe/Paris
Lilongwe;Malawi;South Africa Standard Time;GMT+02:00;Africa/Blantyre
Lima;Peru;SA Pacific Standard Time;GMT-05:00;America/Lima
Limassol;Cyprus;FLE Standard Time;GMT+02:00;Europe/Sofia
Limerick;Ireland;GMT Standard Time;GMT;Europe/Dublin
Limoux;France;Romance Standard Time;GMT+01:00;Europe/Paris
Lincoln, NE;United States;Central Standard Time;GMT-06:00;America/Matamoros
Linkoping;Sweden;W. Europe Standard Time;GMT+01:00;Europe/Stockholm
Lipetsk;Russia;Russian Standard Time;GMT+04:00;Europe/Moscow
Lisbon;Portugal;GMT Standard Time;GMT;Europe/Lisbon
Lismore;Australia;AUS Eastern Standard Time;GMT+10:00;Australia/Canberra
Little Rock, AR;United States;Central Standard Time;GMT-06:00;America/Matamoros
Liverpool;United Kingdom;GMT Standard Time;GMT;Europe/Belfast
Ljubljana;Slovenia;Central Europe Standard Time;GMT+01:00;Europe/Ljubljana
Lome;Togo;Greenwich Standard Time;GMT;Africa/Lome
London;United Kingdom;GMT Standard Time;GMT;Europe/London
London, ON;Canada;Eastern Standard Time;GMT-05:00;America/Nassau
Long Beach, CA;United States;Pacific Standard Time;GMT-08:00;America/Ensenada
Long Branch, NJ;United States;Eastern Standard Time;GMT-05:00;America/Nassau
Longyearbyen;Svalbard;W. Europe Standard Time;GMT+01:00;Arctic/Longyearbyen
Los Angeles, CA;United States;Pacific Standard Time;GMT-08:00;America/Ensenada
Los Mochis;Mexico;Mexico Standard Time 2;GMT-07:00;America/Chihuahua
Louisville, KY;United States;Eastern Standard Time;GMT-05:00;America/Nassau
Luancheng;China;China Standard Time;GMT+08:00;Asia/Chongqing
Luanda;Angola;W. Central Africa Standard Time;GMT+01:00;Africa/Luanda
Lubbock, TX;United States;Central Standard Time;GMT-06:00;America/Matamoros
Luchegorsk;Russia;Vladivostok Standard Time;GMT+11:00;Asia/Vladivostok
Lucknow;India;India Standard Time;GMT+05:30;Asia/Kolkata
Lugano;Switzerland;W. Europe Standard Time;GMT+01:00;Europe/Zurich
Lugansk;Ukraine;Ukraine Standard Time;GMT+02:00;Europe/Kiev
Lulea;Sweden;W. Europe Standard Time;GMT+01:00;Europe/Stockholm
Lumbini;Nepal;Nepal Standard Time;GMT+05:45;Asia/Kathmandu
Lund;Sweden;W. Europe Standard Time;GMT+01:00;Europe/Stockholm
Lusaka;Zambia;South Africa Standard Time;GMT+02:00;Africa/Lusaka
Luxembourg;Luxembourg;Romance Standard Time;GMT+01:00;Europe/Luxembourg
Luxor;Egypt;Egypt Standard Time;GMT+02:00;Africa/Cairo
Lviv;Ukraine;Ukraine Standard Time;GMT+02:00;Europe/Kiev
Lyon;France;Romance Standard Time;GMT+01:00;Europe/Paris
Macapa;Brazil;SA Eastern Standard Time;GMT-03:00;America/Fortaleza
Macau;China;China Standard Time;GMT+08:00;Asia/Macau
Mackay;Australia;E. Australia Standard Time;GMT+10:00;Australia/Brisbane
Madikeri;India;India Standard Time;GMT+05:30;Asia/Kolkata
Madison, WI;United States;Central Standard Time;GMT-06:00;America/Matamoros
Madrid;Spain;Romance Standard Time;GMT+01:00;Europe/Madrid
Madurai;India;India Standard Time;GMT+05:30;Asia/Kolkata
Magadan;Russia;Magadan Standard Time;GMT+12:00;Asia/Magadan
Magdeburg;Germany;W. Europe Standard Time;GMT+01:00;Europe/Berlin
Magnolia, TX;United States;Central Standard Time;GMT-06:00;America/Matamoros
Mahabalipuram;India;India Standard Time;GMT+05:30;Asia/Kolkata
Mainz;Germany;W. Europe Standard Time;GMT+01:00;Europe/Berlin
Majuro;Marshall Islands;Marshall Islands Standard Time;GMT+12:00;Pacific/Majuro
Makassar;Indonesia;Singapore Standard Time;GMT+08:00;Asia/Makassar
Malabo;Equatorial Guinea;W. Central Africa Standard Time;GMT+01:00;Africa/Malabo
Malaga;Spain;Romance Standard Time;GMT+01:00;Europe/Madrid
Male;Maldives;West Asia Standard Time;GMT+05:00;Asia/Ashkhabad
Malmo;Sweden;W. Europe Standard Time;GMT+01:00;Europe/Stockholm
Mamoudzou;Mayotte;E. Africa Standard Time;GMT+03:00;Indian/Antananarivo
Managua;Nicaragua;Central America Standard Time;GMT-06:00;America/Managua
Manama;Bahrain;Arab Standard Time;GMT+03:00;Asia/Aden
Manaus;Brazil;SA Western Standard Time;GMT-04:00;America/Manaus
Manchester;United Kingdom;GMT Standard Time;GMT;Europe/Belfast
Mandarmoni;India;India Standard Time;GMT+05:30;Asia/Kolkata
Mandurah;Australia;W. Australia Standard Time;GMT+08:00;Australia/Perth
Mangalia;Romania;FLE Standard Time;GMT+02:00;Europe/Bucharest
Mangalore;India;India Standard Time;GMT+05:30;Asia/Kolkata
Manila;Philippines;Singapore Standard Time;GMT+08:00;Asia/Manila
Mannheim;Germany;W. Europe Standard Time;GMT+01:00;Europe/Berlin
Manzanillo;Cuba;Cuba Standard Time;GMT-05:00;America/Havana
Manzanillo;Mexico;Mexico Standard Time;GMT-06:00;America/Cancun
Maputo;Mozambique;South Africa Standard Time;GMT+02:00;Africa/Maputo
Maram Bazar;India;India Standard Time;GMT+05:30;Asia/Kolkata
Marawi;Philippines;Singapore Standard Time;GMT+08:00;Asia/Manila
Marrakech;Morocco;Morocco Standard Time;GMT;Africa/Casablanca
Marseille;France;Romance Standard Time;GMT+01:00;Europe/Paris
Masafi;United Arab Emirates;Arabian Standard Time;GMT+04:00;Asia/Dubai
Maseru;Lesotho;South Africa Standard Time;GMT+02:00;Africa/Maseru
Masohi;Indonesia;Tokyo Standard Time;GMT+09:00;Asia/Tokyo
Mata-Utu;Wallis and Futuna;Marshall Islands Standard Time;GMT+12:00;Pacific/Funafuti
Matale;Sri Lanka;India Standard Time;GMT+05:30;Asia/Colombo
Matamoros;Mexico;Central Standard Time;GMT-06:00;America/Matamoros
Mataram;Indonesia;Singapore Standard Time;GMT+08:00;Asia/Makassar
Mathura;India;India Standard Time;GMT+05:30;Asia/Kolkata
Mazari Sharif;Afghanistan;Afghanistan Standard Time;GMT+04:30;Asia/Kabul
Mazatlan;Mexico;Mexico Standard Time 2;GMT-07:00;America/Mazatlan
Mbabane;Swaziland;South Africa Standard Time;GMT+02:00;Africa/Mbabane
Mbour;Senegal;Greenwich Standard Time;GMT;Africa/Dakar
Mdina;Malta;W. Europe Standard Time;GMT+01:00;Europe/Amsterdam
Medan;Indonesia;SE Asia Standard Time;GMT+07:00;Asia/Jakarta
Medellin;Colombia;SA Pacific Standard Time;GMT-05:00;America/Bogota
Medina;Saudi Arabia;Arab Standard Time;GMT+03:00;Asia/Riyadh
Melaque;Mexico;Mexico Standard Time;GMT-06:00;America/Cancun
Melbourne;Australia;AUS Eastern Standard Time;GMT+10:00;Australia/Melbourne
Melbourne, FL;United States;Eastern Standard Time;GMT-05:00;America/Nassau
Memphis, TN;United States;Central Standard Time;GMT-06:00;America/Matamoros
Mendoza;Argentina;SA Eastern Standard Time;GMT-03:00;America/Mendoza
Menlo Park, CA;United States;Pacific Standard Time;GMT-08:00;America/Ensenada
Merida;Mexico;Mexico Standard Time;GMT-06:00;America/Merida
Mexicali;Mexico;Pacific Standard Time;GMT-08:00;America/Ensenada
Mexico City;Mexico;Mexico Standard Time;GMT-06:00;America/Cancun
Miami, FL;United States;Eastern Standard Time;GMT-05:00;America/Nassau
Milan;Italy;W. Europe Standard Time;GMT+01:00;Europe/Rome
Mill Valley, CA;United States;Pacific Standard Time;GMT-08:00;America/Ensenada
Milwaukee, WI;United States;Central Standard Time;GMT-06:00;America/Matamoros
Minneapolis, MN;United States;Central Standard Time;GMT-06:00;America/Matamoros
Minsk;Belarus;Belarus Standard Time;GMT+03:00;Europe/Minsk
Miramar, FL;United States;Eastern Standard Time;GMT-05:00;America/Nassau
Mission, BC;Canada;Pacific Standard Time;GMT-08:00;America/Ensenada
Mississauga, ON;Canada;Eastern Standard Time;GMT-05:00;America/Nassau
Mo;Norway;W. Europe Standard Time;GMT+01:00;Europe/Oslo
Mobile, AL;United States;Central Standard Time;GMT-06:00;America/Matamoros
Mogadishu;Somalia;E. Africa Standard Time;GMT+03:00;Africa/Mogadishu
Molalla, OR;United States;Pacific Standard Time;GMT-08:00;America/Ensenada
Monaco;Monaco;Romance Standard Time;GMT+01:00;Europe/Monaco
Monrovia;Liberia;Greenwich Standard Time;GMT;Africa/Monrovia
Monte Carlo;Monaco;Romance Standard Time;GMT+01:00;Europe/Monaco
Monterey, CA;United States;Pacific Standard Time;GMT-08:00;America/Ensenada
Monterrey;Mexico;Mexico Standard Time;GMT-06:00;America/Monterrey
Montevideo;Uruguay;Uruguay Standard Time;GMT-03:00;America/Montevideo
Montgomery, AL;United States;Central Standard Time;GMT-06:00;America/Matamoros
Montgomery, TX;United States;Central Standard Time;GMT-06:00;America/Matamoros
Montpelier, VT;United States;Eastern Standard Time;GMT-05:00;America/Nassau
Montpellier;France;Romance Standard Time;GMT+01:00;Europe/Paris
Montpeyroux;France;Romance Standard Time;GMT+01:00;Europe/Paris
Montreal, QC;Canada;Eastern Standard Time;GMT-05:00;America/Nassau
Moroni;Comoros;E. Africa Standard Time;GMT+03:00;Indian/Antananarivo
Moscow;Russia;Russian Standard Time;GMT+04:00;Europe/Moscow
Motul;Mexico;Mexico Standard Time;GMT-06:00;America/Cancun
Mount Hagen;Papua New Guinea;West Pacific Standard Time;GMT+10:00;Pacific/Saipan
Mount Shasta City, CA;United States;Pacific Standard Time;GMT-08:00;America/Ensenada
Mountain View, CA;United States;Pacific Standard Time;GMT-08:00;America/Ensenada
Mudumalai;India;India Standard Time;GMT+05:30;Asia/Kolkata
Mukachevo;Ukraine;Ukraine Standard Time;GMT+02:00;Europe/Kiev
Mumbai;India;India Standard Time;GMT+05:30;Asia/Kolkata
Munich;Germany;W. Europe Standard Time;GMT+01:00;Europe/Berlin
Munnar;India;India Standard Time;GMT+05:30;Asia/Kolkata
Murmansk;Russia;Russian Standard Time;GMT+04:00;Europe/Moscow
Murom;Russia;Russian Standard Time;GMT+04:00;Europe/Moscow
Murree;Pakistan;Pakistan Standard Time;GMT+05:00;Asia/Karachi
Muscat;Oman;Arabian Standard Time;GMT+04:00;Asia/Muscat
Myrtle Beach, SC;United States;Eastern Standard Time;GMT-05:00;America/Nassau
N'Djamena;Chad;W. Central Africa Standard Time;GMT+01:00;Africa/Lagos
Nadiad;India;India Standard Time;GMT+05:30;Asia/Kolkata
Nagasaki;Japan;Tokyo Standard Time;GMT+09:00;Asia/Tokyo
Nagoya;Japan;Tokyo Standard Time;GMT+09:00;Asia/Tokyo
Nagpur;India;India Standard Time;GMT+05:30;Asia/Kolkata
Naha;Japan;Tokyo Standard Time;GMT+09:00;Asia/Tokyo
Nairobi;Kenya;E. Africa Standard Time;GMT+03:00;Africa/Nairobi
Nakhodka;Russia;Vladivostok Standard Time;GMT+11:00;Asia/Vladivostok
Nanaimo, BC;Canada;Pacific Standard Time;GMT-08:00;America/Ensenada
Nanjing;China;China Standard Time;GMT+08:00;Asia/Chongqing
Nantes;France;Romance Standard Time;GMT+01:00;Europe/Paris
Napier;New Zealand;New Zealand Standard Time;GMT+12:00;Pacific/Auckland
Naples;Italy;W. Europe Standard Time;GMT+01:00;Europe/Rome
Narvik;Norway;W. Europe Standard Time;GMT+01:00;Europe/Oslo
Nashville, TN;United States;Central Standard Time;GMT-06:00;America/Matamoros
Nassau;Bahamas;Eastern Standard Time;GMT-05:00;America/Nassau
Navasota, TX;United States;Central Standard Time;GMT-06:00;America/Matamoros
Negombo;Sri Lanka;India Standard Time;GMT+05:30;Asia/Colombo
Neuquen;Argentina;SA Eastern Standard Time;GMT-03:00;America/Catamarca
New Delhi;India;India Standard Time;GMT+05:30;Asia/Kolkata
New Orleans, LA;United States;Central Standard Time;GMT-06:00;America/Matamoros
New Ross;Ireland;GMT Standard Time;GMT;Europe/Dublin
New Westminster, BC;Canada;Pacific Standard Time;GMT-08:00;America/Ensenada
New York, NY;United States;Eastern Standard Time;GMT-05:00;America/Nassau
Newark, NJ;United States;Eastern Standard Time;GMT-05:00;America/Nassau
Newcastle;Australia;AUS Eastern Standard Time;GMT+10:00;Australia/Canberra
Newcastle upon Tyne;United Kingdom;GMT Standard Time;GMT;Europe/Belfast
Newport;United Kingdom;GMT Standard Time;GMT;Europe/Belfast
Niagara Falls, NY;United States;Eastern Standard Time;GMT-05:00;America/Nassau
Niagara Falls, ON;Canada;Eastern Standard Time;GMT-05:00;America/Nassau
Niamey;Niger;W. Central Africa Standard Time;GMT+01:00;Africa/Niamey
Nice;France;Romance Standard Time;GMT+01:00;Europe/Paris
Nicosia;Cyprus;FLE Standard Time;GMT+02:00;Europe/Nicosia;Asia/Nicosia
Niigata;Japan;Tokyo Standard Time;GMT+09:00;Asia/Tokyo
Nikolaev;Ukraine;Ukraine Standard Time;GMT+02:00;Europe/Kiev
Nimes;France;Romance Standard Time;GMT+01:00;Europe/Paris
Ningbo;China;China Standard Time;GMT+08:00;Asia/Chongqing
Nizhniy Novgorod;Russia;Russian Standard Time;GMT+04:00;Europe/Moscow
Nogales;Mexico;US Mountain Standard Time;GMT-07:00;America/Hermosillo
Norfolk, VA;United States;Eastern Standard Time;GMT-05:00;America/Nassau
North Bay, ON;Canada;Eastern Standard Time;GMT-05:00;America/Nassau
North Bend, OR;United States;Pacific Standard Time;GMT-08:00;America/Ensenada
North Ryde;Australia;AUS Eastern Standard Time;GMT+10:00;Australia/Canberra
Norwich;United Kingdom;GMT Standard Time;GMT;Europe/Belfast
Nouakchott;Mauritania;Greenwich Standard Time;GMT;Africa/Nouakchott
Noumea;New Caledonia;Central Pacific Standard Time;GMT+11:00;Pacific/Noumea
Novgorod;Russia;Russian Standard Time;GMT+04:00;Europe/Moscow
Novorossiysk;Russia;Russian Standard Time;GMT+04:00;Europe/Moscow
Novosibirsk;Russia;Novosibirsk Standard Time;GMT+07:00;Asia/Novosibirsk
Nuevo Laredo;Mexico;Central Standard Time;GMT-06:00;America/Matamoros
Nurnberg;Germany;W. Europe Standard Time;GMT+01:00;Europe/Berlin
Odense;Denmark;Romance Standard Time;GMT+01:00;Europe/Copenhagen
Odessa;Ukraine;Ukraine Standard Time;GMT+02:00;Europe/Kiev
Ohrid;Macedonia;Central European Standard Time;GMT+01:00;Europe/Skopje
Ojinaga;Mexico;Central Standard Time;GMT-06:00;America/Ojinaga
Okara;Pakistan;Pakistan Standard Time;GMT+05:00;Asia/Karachi
Okinawa;Japan;Tokyo Standard Time;GMT+09:00;Asia/Tokyo
Oklahoma City, OK;United States;Central Standard Time;GMT-06:00;America/Matamoros
Olanchito;Honduras;Central America Standard Time;GMT-06:00;America/Tegucigalpa
Olinda;Brazil;SA Eastern Standard Time;GMT-03:00;America/Fortaleza
Olympia, WA;United States;Pacific Standard Time;GMT-08:00;America/Ensenada
Omaha, NE;United States;Central Standard Time;GMT-06:00;America/Matamoros
Omsk;Russia;Novosibirsk Standard Time;GMT+07:00;Asia/Omsk
Onitsha;Nigeria;W. Central Africa Standard Time;GMT+01:00;Africa/Lagos
Ootacamund;India;India Standard Time;GMT+05:30;Asia/Kolkata
Oradea;Romania;FLE Standard Time;GMT+02:00;Europe/Bucharest
Orange;Australia;AUS Eastern Standard Time;GMT+10:00;Australia/Canberra
Oranjestad;Aruba;SA Western Standard Time;GMT-04:00;America/Eirunepe
Orlando, FL;United States;Eastern Standard Time;GMT-05:00;America/Nassau
Osaka;Japan;Tokyo Standard Time;GMT+09:00;Asia/Tokyo
Oshawa, ON;Canada;Eastern Standard Time;GMT-05:00;America/Nassau
Oslo;Norway;W. Europe Standard Time;GMT+01:00;Europe/Oslo
Ostrov;Russia;Russian Standard Time;GMT+04:00;Europe/Moscow
Ottawa, ON;Canada;Eastern Standard Time;GMT-05:00;America/Nassau
Ouagadougou;Burkina Faso;Greenwich Standard Time;GMT;Africa/Ouagadougou
Oulu;Finland;FLE Standard Time;GMT+02:00;Europe/Helsinki
Oviedo;Spain;Romance Standard Time;GMT+01:00;Europe/Madrid
Padang;Indonesia;SE Asia Standard Time;GMT+07:00;Asia/Jakarta
Palembang;Indonesia;SE Asia Standard Time;GMT+07:00;Asia/Jakarta
Palikir;Micronesia, Federated States of;Central Pacific Standard Time;GMT+11:00;Pacific/Noumea
Palma;Spain;Romance Standard Time;GMT+01:00;Europe/Madrid
Palo Alto, CA;United States;Pacific Standard Time;GMT-08:00;America/Ensenada
Panaji;India;India Standard Time;GMT+05:30;Asia/Kolkata
Panama City;Panama;SA Pacific Standard Time;GMT-05:00;America/Guayaquil
Paramaribo;Suriname;SA Eastern Standard Time;GMT-03:00;America/Paramaribo
Paraparaumu;New Zealand;New Zealand Standard Time;GMT+12:00;Pacific/Auckland
Paris;France;Romance Standard Time;GMT+01:00;Europe/Paris
Parsippany, NJ;United States;Eastern Standard Time;GMT-05:00;America/Nassau
Patna;India;India Standard Time;GMT+05:30;Asia/Kolkata
Patras;Greece;FLE Standard Time;GMT+02:00;Europe/Athens
Pearl, MS;United States;Central Standard Time;GMT-06:00;America/Matamoros
Pedro Juan Caballero;Paraguay;Paraguay Standard Time;GMT-04:00;America/Asuncion
Pensacola, FL;United States;Central Standard Time;GMT-06:00;America/Matamoros
Penza;Russia;Russian Standard Time;GMT+04:00;Europe/Moscow
Perth;Australia;W. Australia Standard Time;GMT+08:00;Australia/Perth
Peshawar;Pakistan;Pakistan Standard Time;GMT+05:00;Asia/Karachi
Peterhof;Russia;Russian Standard Time;GMT+04:00;Europe/Moscow
Petropavlovsk;Russia;Magadan Standard Time;GMT+12:00;Asia/Anadyr
Philadelphia, PA;United States;Eastern Standard Time;GMT-05:00;America/Nassau
Philipsburg;Sint Maarten;SA Western Standard Time;GMT-04:00;America/Eirunepe
Phnom Penh;Cambodia;SE Asia Standard Time;GMT+07:00;Asia/Jakarta
Phoenix, AZ;United States;US Mountain Standard Time;GMT-07:00;America/Hermosillo
Phuket;Thailand;SE Asia Standard Time;GMT+07:00;Asia/Bangkok
Pickering, ON;Canada;Eastern Standard Time;GMT-05:00;America/Nassau
Piedras Negras;Mexico;Central Standard Time;GMT-06:00;America/Matamoros
Pierre, SD;United States;Central Standard Time;GMT-06:00;America/Matamoros
Piestany;Slovakia;Central Europe Standard Time;GMT+01:00;Europe/Bratislava
Pirot;Serbia;Central Europe Standard Time;GMT+01:00;Europe/Belgrade
Pisa;Italy;W. Europe Standard Time;GMT+01:00;Europe/Rome
Pittsburgh, PA;United States;Eastern Standard Time;GMT-05:00;America/Nassau
Piura;Peru;SA Pacific Standard Time;GMT-05:00;America/Lima
Playa del Carmen;Mexico;Mexico Standard Time;GMT-06:00;America/Cancun
Plymouth;United Kingdom;GMT Standard Time;GMT;Europe/Belfast
Podgorica;Montenegro;Central Europe Standard Time;GMT+01:00;Europe/Podgorica
Point Pleasant Beach, NJ;United States;Eastern Standard Time;GMT-05:00;America/Nassau
Polonnaruwa;Sri Lanka;India Standard Time;GMT+05:30;Asia/Colombo
Pomalaa;Indonesia;Singapore Standard Time;GMT+08:00;Asia/Makassar
Porbandar;India;India Standard Time;GMT+05:30;Asia/Kolkata
Porirua;New Zealand;New Zealand Standard Time;GMT+12:00;Pacific/Auckland
Port Angeles, WA;United States;Pacific Standard Time;GMT-08:00;America/Ensenada
Port Arthur;Australia;Tasmania Standard Time;GMT+10:00;Australia/Hobart
Port Elizabeth;South Africa;South Africa Standard Time;GMT+02:00;Africa/Johannesburg
Port Harcourt;Nigeria;W. Central Africa Standard Time;GMT+01:00;Africa/Lagos
Port Hedland;Australia;W. Australia Standard Time;GMT+08:00;Australia/Perth
Port Moresby;Papua New Guinea;West Pacific Standard Time;GMT+10:00;Pacific/Saipan
Port Orange, FL;United States;Eastern Standard Time;GMT-05:00;America/Nassau
Port Vila;Vanuatu;Central Pacific Standard Time;GMT+11:00;Pacific/Noumea
Port of Spain;Trinidad and Tobago;SA Western Standard Time;GMT-04:00;America/Eirunepe
Port-au-Prince;Haiti;Eastern Standard Time;GMT-05:00;America/Port-au-Prince
Portland, OR;United States;Pacific Standard Time;GMT-08:00;America/Ensenada
Porto;Portugal;GMT Standard Time;GMT;Europe/Lisbon
Porto Novo;Benin;W. Central Africa Standard Time;GMT+01:00;Africa/Lagos
Portsmouth;United Kingdom;GMT Standard Time;GMT;Europe/Belfast
Posadas;Argentina;Argentina Standard Time;GMT-03:00;America/Cordoba
Prague;Czech Republic;Central Europe Standard Time;GMT+01:00;Europe/Prague
Prievidza;Slovakia;Central Europe Standard Time;GMT+01:00;Europe/Bratislava
Prince George, BC;Canada;Pacific Standard Time;GMT-08:00;America/Ensenada
Princeton, NJ;United States;Eastern Standard Time;GMT-05:00;America/Nassau
Pristina;Kosovo;Central Europe Standard Time;GMT+01:00;Europe/Belgrade
Progreso;Mexico;Mexico Standard Time;GMT-06:00;America/Cancun
Pskov;Russia;Russian Standard Time;GMT+04:00;Europe/Moscow
Puebla;Mexico;Mexico Standard Time;GMT-06:00;America/Cancun
Puerto Ayora;Ecuador;Central America Standard Time;GMT-06:00;America/Managua
Puerto Baquerizo Moreno;Ecuador;Central America Standard Time;GMT-06:00;America/Managua
Puerto Penasco;Mexico;US Mountain Standard Time;GMT-07:00;America/Hermosillo
Puerto Plata;Dominican Republic;SA Western Standard Time;GMT-04:00;America/Eirunepe
Puerto Vallarta;Mexico;Mexico Standard Time;GMT-06:00;America/Cancun
Pune;India;India Standard Time;GMT+05:30;Asia/Kolkata
Puri;India;India Standard Time;GMT+05:30;Asia/Kolkata
Puttgarden;Germany;W. Europe Standard Time;GMT+01:00;Europe/Berlin
Pyongyang;Korea, North;Tokyo Standard Time;GMT+09:00;Asia/Pyongyang
Qatif;Saudi Arabia;Arab Standard Time;GMT+03:00;Asia/Riyadh
Qingdao;China;China Standard Time;GMT+08:00;Asia/Chongqing
Quartzsite, AZ;United States;US Mountain Standard Time;GMT-07:00;America/Hermosillo
Quebec City, QC;Canada;Eastern Standard Time;GMT-05:00;America/Nassau
Quetta;Pakistan;Pakistan Standard Time;GMT+05:00;Asia/Karachi
Quezaltenango;Guatemala;Guatemala Standard Time;GMT-06:00;America/Antigua
Quito;Ecuador;SA Pacific Standard Time;GMT-05:00;America/Guayaquil
Rabat;Morocco;Morocco Standard Time;GMT;Africa/Casablanca
Rahim Yar Khan;Pakistan;Pakistan Standard Time;GMT+05:00;Asia/Karachi
Rajahmundry;India;India Standard Time;GMT+05:30;Asia/Kolkata
Raleigh, NC;United States;Eastern Standard Time;GMT-05:00;America/Nassau
Ramstein;Germany;W. Europe Standard Time;GMT+01:00;Europe/Berlin
Ranchi;India;India Standard Time;GMT+05:30;Asia/Kolkata
Rangoon;Burma;Myanmar Standard Time;GMT+06:30;Asia/Rangoon
Ras Al Khaimah;United Arab Emirates;Arabian Standard Time;GMT+04:00;Asia/Dubai
Rawson;Argentina;SA Eastern Standard Time;GMT-03:00;America/Catamarca
Reading;United Kingdom;GMT Standard Time;GMT;Europe/Belfast
Recife;Brazil;SA Eastern Standard Time;GMT-03:00;America/Recife
Redmond, WA;United States;Pacific Standard Time;GMT-08:00;America/Ensenada
Regina, SK;Canada;Canada Central Standard Time;GMT-06:00;America/Matamoros
Reims;France;Romance Standard Time;GMT+01:00;Europe/Paris
Rennes;France;Romance Standard Time;GMT+01:00;Europe/Paris
Reno, NV;United States;Pacific Standard Time;GMT-08:00;America/Ensenada
Revelstoke, BC;Canada;Pacific Standard Time;GMT-08:00;America/Ensenada
Reykjavik;Iceland;Greenwich Standard Time;GMT;Atlantic/Reykjavik
Reynosa;Mexico;Central Standard Time;GMT-06:00;America/Matamoros
Rhodes;Greece;FLE Standard Time;GMT+02:00;Europe/Athens
Richmond, IN;United States;Eastern Standard Time;GMT-05:00;America/Nassau
Richmond, VA;United States;Eastern Standard Time;GMT-05:00;America/Nassau
Riga;Latvia;FLE Standard Time;GMT+02:00;Europe/Riga
Rio Branco;Brazil;SA Western Standard Time;GMT-04:00;America/Eirunepe
Rio Cuarto;Argentina;Argentina Standard Time;GMT-03:00;America/Cordoba
Rio Gallegos;Argentina;SA Eastern Standard Time;GMT-03:00;America/Catamarca
Rivera;Uruguay;Uruguay Standard Time;GMT-03:00;America/Montevideo
Riyadh;Saudi Arabia;Arab Standard Time;GMT+03:00;Asia/Riyadh
Road Town;Virgin Islands, British;SA Western Standard Time;GMT-04:00;America/Eirunepe
Rodby;Denmark;W. Europe Standard Time;GMT+01:00;Europe/Amsterdam
Rome;Italy;W. Europe Standard Time;GMT+01:00;Europe/Rome
Rosario;Argentina;Argentina Standard Time;GMT-03:00;America/Rosario
Roseau;Dominica;SA Western Standard Time;GMT-04:00;America/Eirunepe
Rostock;Germany;W. Europe Standard Time;GMT+01:00;Europe/Berlin
Rostov na Donu;Russia;Russian Standard Time;GMT+04:00;Europe/Moscow
Rotterdam;Netherlands;W. Europe Standard Time;GMT+01:00;Europe/Amsterdam
Rovaniemi;Finland;FLE Standard Time;GMT+02:00;Europe/Helsinki
Russell Springs, KY;United States;Central Standard Time;GMT-06:00;America/Matamoros
Ryazan;Russia;Russian Standard Time;GMT+04:00;Europe/Moscow
Rybinsk;Russia;Russian Standard Time;GMT+04:00;Europe/Moscow
Sacramento, CA;United States;Pacific Standard Time;GMT-08:00;America/Ensenada
Saint George's;Grenada;SA Western Standard Time;GMT-04:00;America/Eirunepe
Saint-Denis;Reunion;Arabian Standard Time;GMT+04:00;Asia/Dubai
Saipan;Northern Mariana Islands;West Pacific Standard Time;GMT+10:00;Pacific/Saipan
Salem, OR;United States;Pacific Standard Time;GMT-08:00;America/Ensenada
Salta;Argentina;SA Eastern Standard Time;GMT-03:00;America/Catamarca
Salto;Uruguay;Uruguay Standard Time;GMT-03:00;America/Montevideo
Salzburg;Austria;W. Europe Standard Time;GMT+01:00;Europe/Vienna
Samara;Russia;Russian Standard Time;GMT+04:00;Europe/Samara
San Antonio, TX;United States;Central Standard Time;GMT-06:00;America/Matamoros
San Bruno, CA;United States;Pacific Standard Time;GMT-08:00;America/Ensenada
San Carlos;Uruguay;Uruguay Standard Time;GMT-03:00;America/Montevideo
San Carlos;Mexico;US Mountain Standard Time;GMT-07:00;America/Hermosillo
San Diego, CA;United States;Pacific Standard Time;GMT-08:00;America/Ensenada
San Francisco, CA;United States;Pacific Standard Time;GMT-08:00;America/Ensenada
San Jose;Costa Rica;Central America Standard Time;GMT-06:00;America/Managua
San Jose, CA;United States;Pacific Standard Time;GMT-08:00;America/Ensenada
San Juan;Puerto Rico;SA Western Standard Time;GMT-04:00;America/Eirunepe
San Juan;Argentina;SA Eastern Standard Time;GMT-03:00;America/Catamarca
San Lorenzo;Argentina;Argentina Standard Time;GMT-03:00;America/Cordoba
San Luis Obispo, CA;United States;Pacific Standard Time;GMT-08:00;America/Ensenada
San Marino;San Marino;W. Europe Standard Time;GMT+01:00;Europe/Amsterdam
San Mateo, CA;United States;Pacific Standard Time;GMT-08:00;America/Ensenada
San Pedro Sula;Honduras;Central America Standard Time;GMT-06:00;America/Tegucigalpa
San Salvador;El Salvador;Central America Standard Time;GMT-06:00;America/Managua
San Sebastian;Spain;Romance Standard Time;GMT+01:00;Europe/Madrid
San Sebastian del Oeste;Mexico;Mexico Standard Time;GMT-06:00;America/Cancun
Sanaa;Yemen;Arab Standard Time;GMT+03:00;Asia/Aden
Santa Ana;El Salvador;Central America Standard Time;GMT-06:00;America/Managua
Santa Clara;Cuba;Cuba Standard Time;GMT-05:00;America/Havana
Santa Clara, CA;United States;Pacific Standard Time;GMT-08:00;America/Ensenada
Santa Cruz;Philippines;Singapore Standard Time;GMT+08:00;Asia/Manila
Santa Cruz de Tenerife;Spain;GMT Standard Time;GMT;Europe/Belfast
Santa Fe;Argentina;Argentina Standard Time;GMT-03:00;America/Cordoba
Santa Rosa;Honduras;Central America Standard Time;GMT-06:00;America/Tegucigalpa
Santa Rosa;Argentina;SA Eastern Standard Time;GMT-03:00;America/Catamarca
Santarem;Brazil;SA Eastern Standard Time;GMT-03:00;America/Santarem
Santiago;Mexico;Mexico Standard Time;GMT-06:00;America/Santiago
Santiago de Cuba;Cuba;Cuba Standard Time;GMT-05:00;America/Havana
Santiago de los Caballeros;Dominican Republic;SA Western Standard Time;GMT-04:00;America/Eirunepe
Santo Domingo;Dominican Republic;SA Western Standard Time;GMT-04:00;America/Eirunepe
Sanxiang;China;China Standard Time;GMT+08:00;Asia/Chongqing
Sao Tome;Sao Tome and Principe;Greenwich Standard Time;GMT;Africa/Abidjan
Sapporo;Japan;Tokyo Standard Time;GMT+09:00;Asia/Tokyo
Sarajevo;Bosnia and Herzegovina;Central European Standard Time;GMT+01:00;Europe/Sarajevo
Saransk;Russia;Russian Standard Time;GMT+04:00;Europe/Moscow
Saskatoon, SK;Canada;Canada Central Standard Time;GMT-06:00;America/Matamoros
Saxonburg, PA;United States;Eastern Standard Time;GMT-05:00;America/Nassau
Schaffhausen;Switzerland;W. Europe Standard Time;GMT+01:00;Europe/Zurich
Seattle, WA;United States;Pacific Standard Time;GMT-08:00;America/Ensenada
Secunderabad;India;India Standard Time;GMT+05:30;Asia/Kolkata
Semarang;Indonesia;SE Asia Standard Time;GMT+07:00;Asia/Jakarta
Sendai;Japan;Tokyo Standard Time;GMT+09:00;Asia/Tokyo
Seoul;Korea, South;Korea Standard Time;GMT+09:00;Asia/Seoul
Sergiev Posad;Russia;Russian Standard Time;GMT+04:00;Europe/Moscow
Sete;France;Romance Standard Time;GMT+01:00;Europe/Paris
Sevastopol;Ukraine;Ukraine Standard Time;GMT+02:00;Europe/Kiev
Severodonetsk;Ukraine;Ukraine Standard Time;GMT+02:00;Europe/Kiev
Sevilla;Spain;Romance Standard Time;GMT+01:00;Europe/Madrid
Shanghai;China;China Standard Time;GMT+08:00;Asia/Shanghai
Shannon;Ireland;GMT Standard Time;GMT;Europe/Dublin
Sharjah;United Arab Emirates;Arabian Standard Time;GMT+04:00;Asia/Dubai
Sharm El Sheikh;Egypt;Egypt Standard Time;GMT+02:00;Africa/Cairo
Sheffield;United Kingdom;GMT Standard Time;GMT;Europe/Belfast
Shekou;China;China Standard Time;GMT+08:00;Asia/Chongqing
Shenyang;China;China Standard Time;GMT+08:00;Asia/Chongqing
Shenzhen;China;China Standard Time;GMT+08:00;Asia/Chongqing
Shijiazhuang;China;China Standard Time;GMT+08:00;Asia/Chongqing
Shikarpur;Pakistan;Pakistan Standard Time;GMT+05:00;Asia/Karachi
Shimla;India;India Standard Time;GMT+05:30;Asia/Kolkata
Shiraz;Iran;Iran Standard Time;GMT+03:30;Asia/Tehran
Sialkot;Pakistan;Pakistan Standard Time;GMT+05:00;Asia/Karachi
Sibiu;Romania;FLE Standard Time;GMT+02:00;Europe/Bucharest
Siem Reap;Cambodia;SE Asia Standard Time;GMT+07:00;Asia/Jakarta
Sigiriya;Sri Lanka;India Standard Time;GMT+05:30;Asia/Colombo
Silang;Philippines;Singapore Standard Time;GMT+08:00;Asia/Manila
Simferopol;Ukraine;Ukraine Standard Time;GMT+02:00;Europe/Simferopol
Sines;Portugal;GMT Standard Time;GMT;Europe/Lisbon
Singapore;Singapore;Singapore Standard Time;GMT+08:00;Asia/Singapore
Sittard;Netherlands;W. Europe Standard Time;GMT+01:00;Europe/Amsterdam
Skopje;Macedonia;Central European Standard Time;GMT+01:00;Europe/Skopje
Sligo;Ireland;GMT Standard Time;GMT;Europe/Dublin
Sliven;Bulgaria;FLE Standard Time;GMT+02:00;Europe/Sofia
Sneek;Netherlands;W. Europe Standard Time;GMT+01:00;Europe/Amsterdam
Sochi;Russia;Russian Standard Time;GMT+04:00;Europe/Moscow
Sofia;Bulgaria;FLE Standard Time;GMT+02:00;Europe/Sofia
Solovki;Russia;Russian Standard Time;GMT+04:00;Europe/Moscow
Songkhla;Thailand;SE Asia Standard Time;GMT+07:00;Asia/Bangkok
South Tarawa;Kiribati;Marshall Islands Standard Time;GMT+12:00;Pacific/Funafuti
Spijkenisse;Netherlands;W. Europe Standard Time;GMT+01:00;Europe/Amsterdam
Spokane, WA;United States;Pacific Standard Time;GMT-08:00;America/Ensenada
St. Catharines, ON;Canada;Eastern Standard Time;GMT-05:00;America/Nassau
St. John's;Antigua and Barbuda;SA Western Standard Time;GMT-04:00;America/Eirunepe
St. Louis, MO;United States;Central Standard Time;GMT-06:00;America/Matamoros
St. Paul, MN;United States;Central Standard Time;GMT-06:00;America/Matamoros
St. Petersburg;Russia;Russian Standard Time;GMT+04:00;Europe/Moscow
Stamford, CT;United States;Eastern Standard Time;GMT-05:00;America/Nassau
Stanley;Falkland Islands;Falkland Islands Standard Time;GMT-03:00;Atlantic/Stanley
Stavanger;Norway;W. Europe Standard Time;GMT+01:00;Europe/Oslo
Stavropol;Russia;Russian Standard Time;GMT+04:00;Europe/Moscow
Steinkjer;Norway;W. Europe Standard Time;GMT+01:00;Europe/Oslo
Stenungsund;Sweden;W. Europe Standard Time;GMT+01:00;Europe/Stockholm
Stockholm;Sweden;W. Europe Standard Time;GMT+01:00;Europe/Stockholm
Strasbourg;France;Romance Standard Time;GMT+01:00;Europe/Paris
Stuttgart;Germany;W. Europe Standard Time;GMT+01:00;Europe/Berlin
Suifenhe;China;China Standard Time;GMT+08:00;Asia/Chongqing
Sulaimaniya;Iraq;Arabic Standard Time;GMT+03:00;Asia/Baghdad
Sullana;Peru;SA Pacific Standard Time;GMT-05:00;America/Lima
Sundsvall;Sweden;W. Europe Standard Time;GMT+01:00;Europe/Stockholm
Sunnyvale, CA;United States;Pacific Standard Time;GMT-08:00;America/Ensenada
Surabaya;Indonesia;SE Asia Standard Time;GMT+07:00;Asia/Jakarta
Surat;India;India Standard Time;GMT+05:30;Asia/Kolkata
Surprise, AZ;United States;US Mountain Standard Time;GMT-07:00;America/Hermosillo
Suzdal;Russia;Russian Standard Time;GMT+04:00;Europe/Moscow
Suzhou;China;China Standard Time;GMT+08:00;Asia/Chongqing
Swansea;United Kingdom;GMT Standard Time;GMT;Europe/Belfast
Swindon;United Kingdom;GMT Standard Time;GMT;Europe/Belfast
Sydney;Australia;AUS Eastern Standard Time;GMT+10:00;Australia/Sydney
Syracuse, NY;United States;Eastern Standard Time;GMT-05:00;America/Nassau
Szombathely;Hungary;Central Europe Standard Time;GMT+01:00;Europe/Budapest
Tacoma, WA;United States;Pacific Standard Time;GMT-08:00;America/Ensenada
Tacuarembo;Uruguay;Uruguay Standard Time;GMT-03:00;America/Montevideo
Taganrog;Russia;Russian Standard Time;GMT+04:00;Europe/Moscow
Taguig;Philippines;Singapore Standard Time;GMT+08:00;Asia/Manila
Taian;China;China Standard Time;GMT+08:00;Asia/Chongqing
Taichung;Taiwan;Taipei Standard Time;GMT+08:00;Asia/Taipei
Taif;Saudi Arabia;Arab Standard Time;GMT+03:00;Asia/Riyadh
Taipei;Taiwan;Taipei Standard Time;GMT+08:00;Asia/Taipei
Taiyuan;China;China Standard Time;GMT+08:00;Asia/Chongqing
Taiz;Yemen;Arab Standard Time;GMT+03:00;Asia/Aden
Takab;Iran;Iran Standard Time;GMT+03:30;Asia/Tehran
Takrouna;Tunisia;W. Central Africa Standard Time;GMT+01:00;Africa/Tunis
Tallinn;Estonia;FLE Standard Time;GMT+02:00;Europe/Tallinn
Tampa, FL;United States;Eastern Standard Time;GMT-05:00;America/Nassau
Tamuning;Guam;West Pacific Standard Time;GMT+10:00;Pacific/Saipan
Tangail;Bangladesh;Bangladesh Standard Time;GMT+06:00;Asia/Dhaka
Tanggu;China;China Standard Time;GMT+08:00;Asia/Chongqing
Tangshan;China;China Standard Time;GMT+08:00;Asia/Chongqing
Tanjay City;Philippines;Singapore Standard Time;GMT+08:00;Asia/Manila
Tashkent;Uzbekistan;West Asia Standard Time;GMT+05:00;Asia/Tashkent
Tbilisi;Georgia;Tbilisi Standard Time;GMT+04:00;Asia/Tbilisi
Tegucigalpa;Honduras;Central America Standard Time;GMT-06:00;America/Tegucigalpa
Tehran;Iran;Iran Standard Time;GMT+03:30;Asia/Tehran
Tel Aviv;Israel;Israel Standard Time;GMT+02:00;Asia/Jerusalem
Tepic;Mexico;Mexico Standard Time 2;GMT-07:00;America/Chihuahua
The Hague;Netherlands;W. Europe Standard Time;GMT+01:00;Europe/Amsterdam
Thessaloniki;Greece;FLE Standard Time;GMT+02:00;Europe/Athens
Thies;Senegal;Greenwich Standard Time;GMT;Africa/Dakar
Thimphu;Bhutan;Central Asia Standard Time;GMT+06:00;Asia/Thimphu
Thiruvananthapuram;India;India Standard Time;GMT+05:30;Asia/Kolkata
Tianjin;China;China Standard Time;GMT+08:00;Asia/Chongqing
Tijuana;Mexico;Pacific Standard Time;GMT-08:00;America/Tijuana
Timisoara;Romania;FLE Standard Time;GMT+02:00;Europe/Bucharest
Tirana;Albania;W. Europe Standard Time;GMT+01:00;Europe/Amsterdam
Tiraspol;Moldova;FLE Standard Time;GMT+02:00;Europe/Tiraspol
Tiruchirapalli;India;India Standard Time;GMT+05:30;Asia/Kolkata
Tizimin;Mexico;Mexico Standard Time;GMT-06:00;America/Cancun
Toalmas;Hungary;Central Europe Standard Time;GMT+01:00;Europe/Budapest
Tokyo;Japan;Tokyo Standard Time;GMT+09:00;Asia/Tokyo
Toledo, OH;United States;Eastern Standard Time;GMT-05:00;America/Nassau
Toluca de Lerdo;Mexico;Mexico Standard Time;GMT-06:00;America/Cancun
Tomsk;Russia;Novosibirsk Standard Time;GMT+07:00;Asia/Novosibirsk
Toowoomba;Australia;E. Australia Standard Time;GMT+10:00;Australia/Brisbane
Toronto, ON;Canada;Eastern Standard Time;GMT-05:00;America/Nassau
Torshavn;Faroe Islands;GMT Standard Time;GMT;Europe/Belfast
Toulon;France;Romance Standard Time;GMT+01:00;Europe/Paris
Toulouse;France;Romance Standard Time;GMT+01:00;Europe/Paris
Tours;France;Romance Standard Time;GMT+01:00;Europe/Paris
Townsville;Australia;E. Australia Standard Time;GMT+10:00;Australia/Brisbane
Trelleborg;Sweden;W. Europe Standard Time;GMT+01:00;Europe/Stockholm
Trier;Germany;W. Europe Standard Time;GMT+01:00;Europe/Berlin
Trieste;Italy;W. Europe Standard Time;GMT+01:00;Europe/Rome
Tripoli;Libya;South Africa Standard Time;GMT+02:00;Africa/Tripoli
Tromso;Norway;W. Europe Standard Time;GMT+01:00;Europe/Oslo
Trondheim;Norway;W. Europe Standard Time;GMT+01:00;Europe/Oslo
Trujillo;Peru;SA Pacific Standard Time;GMT-05:00;America/Lima
Tshwane;South Africa;South Africa Standard Time;GMT+02:00;Africa/Johannesburg
Tuapse;Russia;Russian Standard Time;GMT+04:00;Europe/Moscow
Tucson, AZ;United States;US Mountain Standard Time;GMT-07:00;America/Hermosillo
Tucuman;Argentina;Argentina Standard Time;GMT-03:00;America/Cordoba
Tula;Russia;Russian Standard Time;GMT+04:00;Europe/Moscow
Tulcea;Romania;FLE Standard Time;GMT+02:00;Europe/Bucharest
Tulsa, OK;United States;Central Standard Time;GMT-06:00;America/Matamoros
Tunis;Tunisia;W. Central Africa Standard Time;GMT+01:00;Africa/Tunis
Turin;Italy;W. Europe Standard Time;GMT+01:00;Europe/Rome
Turku;Finland;FLE Standard Time;GMT+02:00;Europe/Helsinki
Tuticorin;India;India Standard Time;GMT+05:30;Asia/Kolkata
Tuzla;Bosnia and Herzegovina;Central European Standard Time;GMT+01:00;Europe/Sarajevo
Tver';Russia;Russian Standard Time;GMT+04:00;Europe/Moscow
Ubon Ratchathani;Thailand;SE Asia Standard Time;GMT+07:00;Asia/Bangkok
Ubud;Indonesia;Singapore Standard Time;GMT+08:00;Asia/Makassar
Udon Thani;Thailand;SE Asia Standard Time;GMT+07:00;Asia/Bangkok
Ulaanbaatar;Mongolia;Ulaanbaatar Standard Time;GMT+08:00;Asia/Ulaanbaatar
Upper Hutt;New Zealand;New Zealand Standard Time;GMT+12:00;Pacific/Auckland
Uppsala;Sweden;W. Europe Standard Time;GMT+01:00;Europe/Stockholm
Urumqi;China;China Standard Time;GMT+08:00;Asia/Urumqi
Ushuaia;Argentina;SA Eastern Standard Time;GMT-03:00;America/Catamarca
Utrecht;Netherlands;W. Europe Standard Time;GMT+01:00;Europe/Amsterdam
Uzhhorod;Ukraine;Ukraine Standard Time;GMT+02:00;Europe/Kiev
Vaasa;Finland;FLE Standard Time;GMT+02:00;Europe/Helsinki
Vadodara;India;India Standard Time;GMT+05:30;Asia/Kolkata
Vaduz;Liechtenstein;W. Europe Standard Time;GMT+01:00;Europe/Vaduz
Valaam;Russia;Russian Standard Time;GMT+04:00;Europe/Moscow
Valencia;Spain;Romance Standard Time;GMT+01:00;Europe/Madrid
Valladolid;Spain;Romance Standard Time;GMT+01:00;Europe/Madrid
Vallauris;France;Romance Standard Time;GMT+01:00;Europe/Paris
Valletta;Malta;W. Europe Standard Time;GMT+01:00;Europe/Amsterdam
Vancouver, BC;Canada;Pacific Standard Time;GMT-08:00;America/Ensenada
Vardo;Norway;W. Europe Standard Time;GMT+01:00;Europe/Oslo
Varna;Bulgaria;FLE Standard Time;GMT+02:00;Europe/Sofia
Vatican City;Holy See (Vatican City);W. Europe Standard Time;GMT+01:00;Europe/Amsterdam
Velikiye Luki;Russia;Russian Standard Time;GMT+04:00;Europe/Moscow
Venice;Italy;W. Europe Standard Time;GMT+01:00;Europe/Rome
Veracruz;Mexico;Mexico Standard Time;GMT-06:00;America/Cancun
Verona;Italy;W. Europe Standard Time;GMT+01:00;Europe/Rome
Vevey;Switzerland;W. Europe Standard Time;GMT+01:00;Europe/Zurich
Viana do Castello;Portugal;GMT Standard Time;GMT;Europe/Lisbon
Victoria;Seychelles;Arabian Standard Time;GMT+04:00;Asia/Dubai
Victoria;Malta;W. Europe Standard Time;GMT+01:00;Europe/Amsterdam
Victoria, BC;Canada;Pacific Standard Time;GMT-08:00;America/Ensenada
Vidin;Bulgaria;FLE Standard Time;GMT+02:00;Europe/Sofia
Viedma;Argentina;SA Eastern Standard Time;GMT-03:00;America/Catamarca
Vienna;Austria;W. Europe Standard Time;GMT+01:00;Europe/Vienna
Vienna, VA;United States;Eastern Standard Time;GMT-05:00;America/Nassau
Vientiane;Laos;SE Asia Standard Time;GMT+07:00;Asia/Vientiane
Vila Real;Portugal;GMT Standard Time;GMT;Europe/Lisbon
Vilnius;Lithuania;FLE Standard Time;GMT+02:00;Europe/Vilnius
Visby;Sweden;W. Europe Standard Time;GMT+01:00;Europe/Stockholm
Vishakhapatnam;India;India Standard Time;GMT+05:30;Asia/Kolkata
Vitoria;Spain;Romance Standard Time;GMT+01:00;Europe/Madrid
Vizianagaram;India;India Standard Time;GMT+05:30;Asia/Kolkata
Vladimir;Russia;Russian Standard Time;GMT+04:00;Europe/Moscow
Vladivostok;Russia;Vladivostok Standard Time;GMT+11:00;Asia/Vladivostok
Volgograd;Russia;Russian Standard Time;GMT+04:00;Europe/Volgograd
Vologda;Russia;Russian Standard Time;GMT+04:00;Europe/Moscow
Volokolamsk;Russia;Russian Standard Time;GMT+04:00;Europe/Moscow
Voronezh;Russia;Russian Standard Time;GMT+04:00;Europe/Moscow
Votkinsk;Russia;Russian Standard Time;GMT+04:00;Europe/Moscow
Waikanae;New Zealand;New Zealand Standard Time;GMT+12:00;Pacific/Auckland
Waingapu;Indonesia;Singapore Standard Time;GMT+08:00;Asia/Makassar
Wakkana;Japan;Tokyo Standard Time;GMT+09:00;Asia/Tokyo
Warrnambool;Australia;AUS Eastern Standard Time;GMT+10:00;Australia/Canberra
Warsaw;Poland;Central European Standard Time;GMT+01:00;Europe/Warsaw
Washington, DC;United States;Eastern Standard Time;GMT-05:00;America/Nassau
Waterford;Ireland;GMT Standard Time;GMT;Europe/Dublin
Waterloo, ON;Canada;Eastern Standard Time;GMT-05:00;America/Nassau
Wellington;New Zealand;New Zealand Standard Time;GMT+12:00;Pacific/Auckland
Westford, MA;United States;Eastern Standard Time;GMT-05:00;America/Nassau
Whistler, BC;Canada;Pacific Standard Time;GMT-08:00;America/Ensenada
White Rock, BC;Canada;Pacific Standard Time;GMT-08:00;America/Ensenada
Whitehorse, YT;Canada;Pacific Standard Time;GMT-08:00;America/Ensenada
Wichita, KS;United States;Central Standard Time;GMT-06:00;America/Matamoros
Willemstad;Curacao;SA Western Standard Time;GMT-04:00;America/Eirunepe
Windhoek;Namibia;Namibia Standard Time;GMT+01:00;Africa/Windhoek
Windsor, ON;Canada;Eastern Standard Time;GMT-05:00;America/Nassau
Winnipeg, MB;Canada;Central Standard Time;GMT-06:00;America/Matamoros
Winston-Salem, NC;United States;Eastern Standard Time;GMT-05:00;America/Nassau
Wodonga;Australia;AUS Eastern Standard Time;GMT+10:00;Australia/Canberra
Wollongong;Australia;AUS Eastern Standard Time;GMT+10:00;Australia/Canberra
Wuhan;China;China Standard Time;GMT+08:00;Asia/Chongqing
Xiamen;China;China Standard Time;GMT+08:00;Asia/Chongqing
Xian;China;China Standard Time;GMT+08:00;Asia/Chongqing
Yakutsk;Russia;Yakutsk Standard Time;GMT+10:00;Asia/Yakutsk
Yalta;Ukraine;Ukraine Standard Time;GMT+02:00;Europe/Kiev
Yamoussoukro;Cote d'Ivoire;Greenwich Standard Time;GMT;Africa/Abidjan
Yantai;China;China Standard Time;GMT+08:00;Asia/Chongqing
Yaounde;Cameroon;W. Central Africa Standard Time;GMT+01:00;Africa/Douala
Yaroslavl;Russia;Russian Standard Time;GMT+04:00;Europe/Moscow
Yasok;Nepal;Nepal Standard Time;GMT+05:45;Asia/Kathmandu
Yawnghwe;Burma;Myanmar Standard Time;GMT+06:30;Asia/Rangoon
Yazd;Iran;Iran Standard Time;GMT+03:30;Asia/Tehran
Yerevan;Armenia;Armenia Standard Time;GMT+04:00;Asia/Yerevan
Yevpatoriya;Ukraine;Ukraine Standard Time;GMT+02:00;Europe/Kiev
Yigo;Guam;West Pacific Standard Time;GMT+10:00;Pacific/Saipan
Yokohama;Japan;Tokyo Standard Time;GMT+09:00;Asia/Tokyo
Yokosuka;Japan;Tokyo Standard Time;GMT+09:00;Asia/Tokyo
Zaandam;Netherlands;W. Europe Standard Time;GMT+01:00;Europe/Amsterdam
Zagreb;Croatia;Central European Standard Time;GMT+01:00;Europe/Zagreb
Zakynthos;Greece;FLE Standard Time;GMT+02:00;Europe/Athens
Zaporozhye;Ukraine;Ukraine Standard Time;GMT+02:00;Europe/Zaporozhye
Zaragoza;Spain;Romance Standard Time;GMT+01:00;Europe/Madrid
Zaysan;Kazakhstan;Central Asia Standard Time;GMT+06:00;Asia/Almaty
Zhengzhou;China;China Standard Time;GMT+08:00;Asia/Chongqing
Zhongshan;China;China Standard Time;GMT+08:00;Asia/Chongqing
Zihuatanejo;Mexico;Mexico Standard Time;GMT-06:00;America/Cancun
Zupanja;Croatia;Central European Standard Time;GMT+01:00;Europe/Zagreb
Zurich;Switzerland;W. Europe Standard Time;GMT+01:00;Europe/Zurich
;GB;Libya;Portugal;Greenwich;Hongkong;PRC;Eire;CET;Turkey;EST5EDT;Iran;NZ;UCT;Iceland;W-SU;Zulu;Egypt;HST;WET;Navajo;Universal;GB-Eire;PST8PDT;GMT0;Poland;Israel;NZ-CHAT;UTC;CST6CDT;Jamaica;EET;ROK;Cuba;ROC;MST7MDT;Japan;Kwajalein;GMT;MET;MST;GMT+0;EST;GMT-0;Singapore